section,indicator,question_answered,category,definition,included_examples,excluded_examples,include_regex_examples,exclude_regex_examples,regex_or_rule_examples,coding_basis,priority_or_mapping_note
Evidence-base descriptor,Source Authority,What level/type of source provides the evidence?,Supranational framework,"Supranational law, policy, or guidance relevant across multiple countries.","European Commission, EU framework, EUR-Lex, OECD, UN.",National ministries implementing EU law; municipal or operator pages citing EU rules.,\b(european union|european commission|eu policy|eur-lex|oecd|united nations|unep|international)\b,No category-specific exclude regex.,INCLUDE: \b(european union|european commission|eu policy|eur-lex|oecd|united nations|unep|international)\b ; EXCLUDE: No category-specific exclude regex.,metadata_regex + fallback_from_source_label,Priority 1; exclusions are evaluated before inclusion for this category.
Evidence-base descriptor,Source Authority,What level/type of source provides the evidence?,National rule or policy,"National-level law, policy, ministry guidance, or government-backed national sorting guidance.","national government, federal ordinance, ministry, national environment agency, national law, national public guidance.","State/provincial rules, city council pages, facility operator guidance.",\b(national|federal|ministry|ministerio|ministere|minist[eè]re|government|agency|department|epa|environment agency|parliament|law|act|regulation|ordinance|decree|bioabfv|ley\s+7/2022|boe|legifrance|gazette|wrap|recycle\s*now|vang-hha|rijkswaterstaat|mohu)\b | \b(national\s+government|central\s+government|official\s+national|country[- ]?wide)\b,No category-specific exclude regex.,INCLUDE: \b(national|federal|ministry|ministerio|ministere|minist[eè]re|government|agency|department|epa|environment agency|parliament|law|act|regulation|ordinance|decree|bioabfv|ley\s+7/2022|boe|legifrance|gazette|wrap|recycle\s*now|vang-hha|rijkswaterstaat|mohu)\b | \b(national\s+government|central\s+government|official\s+national|country[- ]?wide)\b ; EXCLUDE: No category-specific exclude regex.,metadata_regex + fallback_from_source_label,Priority 2; exclusions are evaluated before inclusion for this category.
Evidence-base descriptor,Source Authority,What level/type of source provides the evidence?,"State, provincial, regional, or canton rule","Subnational rule or guidance issued at state, province, region, canton, county, district, or prefecture level.","state agency, province, canton, county/district authority, autonomous region, prefecture.",Intermunicipal waste authorities or specific municipal sorting pages.,"\b(state|province|provincial|regional|region|canton|county|prefecture|autonomous|landkreis|d[ée]partement|departement|flanders|wallonia|catalonia|california|ontario|quebec|québec|nova\s+scotia|alberta|busan\s+metropolitan|kumamoto\s+prefecture|kanagawa\s+prefecture)\b | \b(region|regional|county|prefecture)\b.{0,80}\b(council|authority|government|guidance|rule|waste)\b",No category-specific exclude regex.,"INCLUDE: \b(state|province|provincial|regional|region|canton|county|prefecture|autonomous|landkreis|d[ée]partement|departement|flanders|wallonia|catalonia|california|ontario|quebec|québec|nova\s+scotia|alberta|busan\s+metropolitan|kumamoto\s+prefecture|kanagawa\s+prefecture)\b | \b(region|regional|county|prefecture)\b.{0,80}\b(council|authority|government|guidance|rule|waste)\b ; EXCLUDE: No category-specific exclude regex.",metadata_regex + fallback_from_source_label,Priority 3; exclusions are evaluated before inclusion for this category.
Evidence-base descriptor,Source Authority,What level/type of source provides the evidence?,Intermunicipal or regional waste authority,Authority or partnership operating across several municipalities or a metropolitan service area.,"metropolitan waste authority, regional waste partnership, intermunicipal authority, multi-municipality utility.",Single city council; single private waste company/facility operator.,\b(intermunicipal|metropolitan|regional waste|solid waste authority|waste authority|joint waste|m[eé]tropole|r[ée]gie|lipor|hsy|rrfb|metropole|metropolitana|syndicat|tratolixo|hvc\s+service|rad\s*/|rd4|saver\s+service|greater\s+manchester)\b,No category-specific exclude regex.,INCLUDE: \b(intermunicipal|metropolitan|regional waste|solid waste authority|waste authority|joint waste|m[eé]tropole|r[ée]gie|lipor|hsy|rrfb|metropole|metropolitana|syndicat|tratolixo|hvc\s+service|rad\s*/|rd4|saver\s+service|greater\s+manchester)\b ; EXCLUDE: No category-specific exclude regex.,metadata_regex + fallback_from_source_label,Priority 4; exclusions are evaluated before inclusion for this category.
Evidence-base descriptor,Source Authority,What level/type of source provides the evidence?,Waste operator or treatment-facility rule,"Waste operator, collector, processor, composting facility, AD/biogas plant, public utility, or EPR/operator guidance.","Recology, Stadtreinigung, composting facility, biogas operator, waste-company guidance, municipal utility operator.",Municipal council webpages unless the source is explicitly the operator or utility.,\b(facility|plant|operator|hauler|collector|processor|composter|composting facility|anaerobic|biogas|waste[- ]company|waste company|public utility|recology|wm\b|awm\b|awb\b|bsr\b|stadtreinigung|milieu|hvc|rd4|gesenu|contarina|salerno pulita|mohu|tratolixo|mustankorkea|biorepack|suez|veolia|envar|mywaste|pražské\s+služby|mpo\b|olo\s+a\.s\.|jp\s+voka\s+snaga|vasa\b|getliņi|getlini|voka\s+snaga|intradel|hygea|komunala\s+kranj|minett\s+kompost|calgary|halifax|reykjav[ií]k)\b,No category-specific exclude regex.,INCLUDE: \b(facility|plant|operator|hauler|collector|processor|composter|composting facility|anaerobic|biogas|waste[- ]company|waste company|public utility|recology|wm\b|awm\b|awb\b|bsr\b|stadtreinigung|milieu|hvc|rd4|gesenu|contarina|salerno pulita|mohu|tratolixo|mustankorkea|biorepack|suez|veolia|envar|mywaste|pražské\s+služby|mpo\b|olo\s+a\.s\.|jp\s+voka\s+snaga|vasa\b|getliņi|getlini|voka\s+snaga|intradel|hygea|komunala\s+kranj|minett\s+kompost|calgary|halifax|reykjav[ií]k)\b ; EXCLUDE: No category-specific exclude regex.,metadata_regex + fallback_from_source_label,Priority 5; exclusions are evaluated before inclusion for this category.
Evidence-base descriptor,Source Authority,What level/type of source provides the evidence?,Municipal sorting rule,Municipal/city-level sorting rule or local government guidance.,"city council, municipality, borough, district, gemeente, comune, ayuntamiento, municipal utility page.",Regional/state/national frameworks; facility-only rules.,\b(city|municipal|municipality|commune|gemeente|gemeinde|borough|district|council|town|ville|stadt|ayuntamiento|comune|cidade|municipio|município|municipalidad|ciudad|miasto|urząd|alcald[ií]a|oslo|berlin|munich|hamburg|cologne|amsterdam|vienna|milan|barcelona|vigo|toronto|seattle|austin|san francisco|tokyo|seoul|prague|alimos|riga|krak[oó]w|toru[nń]|warsaw|bratislava|vilnius|ljubljana|maribor|christchurch|auckland|vitacura|las\s+palmas|brno|copenhagen|reykjav[ií]k|portland|new\s+york\s+city|minamata|zushi|providencia|santa\s+juana|wrocław|wroclaw)\b,No category-specific exclude regex.,INCLUDE: \b(city|municipal|municipality|commune|gemeente|gemeinde|borough|district|council|town|ville|stadt|ayuntamiento|comune|cidade|municipio|município|municipalidad|ciudad|miasto|urząd|alcald[ií]a|oslo|berlin|munich|hamburg|cologne|amsterdam|vienna|milan|barcelona|vigo|toronto|seattle|austin|san francisco|tokyo|seoul|prague|alimos|riga|krak[oó]w|toru[nń]|warsaw|bratislava|vilnius|ljubljana|maribor|christchurch|auckland|vitacura|las\s+palmas|brno|copenhagen|reykjav[ií]k|portland|new\s+york\s+city|minamata|zushi|providencia|santa\s+juana|wrocław|wroclaw)\b ; EXCLUDE: No category-specific exclude regex.,metadata_regex + fallback_from_source_label,Priority 6; exclusions are evaluated before inclusion for this category.
Source-level indicator,Stated Organic-waste Treatment Route,What organic-waste treatment route is stated?,AD/biogas + composting,The source states or strongly implies AD/biogas combined with or followed by composting.,AD followed by composting; biogas plus compost; digestion and composting both stated,sources mentioning only one treatment route,"\b(anaerobic\s+digestion|\bAD\b|biogas|biomethane|methani[sz]ation|m[ée]thanisation|biom[ée]thanisation|verg[äa]rung|vergisting|r[öo]tning|digestate|biog[öo]dsel|biog[øo]dning)\b.{0,180}\b(compost|composting|kompost|compostaggio|compostaje|compostagem|kompostering|kompostointi|kompostiranje|κομποστοποίηση|堆肥|퇴비) | \b(compost|composting|kompost|compostaggio|compostaje|compostagem|kompostering|kompostointi|kompostiranje|κομποστοποίηση|堆肥|퇴비)\b.{0,180}\b(anaerobic\s+digestion|\bAD\b|biogas|biomethane|methani[sz]ation|m[ée]thanisation|biom[ée]thanisation|verg[äa]rung|vergisting|r[öo]tning|digestate|biog[öo]dsel|biog[øo]dning)\b",No category-specific exclude regex.,"INCLUDE: \b(anaerobic\s+digestion|\bAD\b|biogas|biomethane|methani[sz]ation|m[ée]thanisation|biom[ée]thanisation|verg[äa]rung|vergisting|r[öo]tning|digestate|biog[öo]dsel|biog[øo]dning)\b.{0,180}\b(compost|composting|kompost|compostaggio|compostaje|compostagem|kompostering|kompostointi|kompostiranje|κομποστοποίηση|堆肥|퇴비) | \b(compost|composting|kompost|compostaggio|compostaje|compostagem|kompostering|kompostointi|kompostiranje|κομποστοποίηση|堆肥|퇴비)\b.{0,180}\b(anaerobic\s+digestion|\bAD\b|biogas|biomethane|methani[sz]ation|m[ée]thanisation|biom[ée]thanisation|verg[äa]rung|vergisting|r[öo]tning|digestate|biog[öo]dsel|biog[øo]dning)\b ; EXCLUDE: No category-specific exclude regex.",regex_include_exclude,Priority 1; exclusions are evaluated before inclusion for this category.
Source-level indicator,Stated Organic-waste Treatment Route,What organic-waste treatment route is stated?,AD/biogas only,"The stated organics route is anaerobic digestion, biogas, biomethane production, or digestate management.","anaerobic digestion, AD, biogas, biomethane, methanisation, vergärung",composting-only sources,\b(anaerobic\s+digestion|\bAD\b|biogas|biomethane|methani[sz]ation|m[ée]thanisation|biom[ée]thanisation|verg[äa]rung|vergisting|biokaas|biogaz|biogass|biogasanlegg|r[öo]tning|biog[öo]dsel|biog[øo]dning|digestate|厌氧|厭氧|沼气|沼氣)\b,No category-specific exclude regex.,INCLUDE: \b(anaerobic\s+digestion|\bAD\b|biogas|biomethane|methani[sz]ation|m[ée]thanisation|biom[ée]thanisation|verg[äa]rung|vergisting|biokaas|biogaz|biogass|biogasanlegg|r[öo]tning|biog[öo]dsel|biog[øo]dning|digestate|厌氧|厭氧|沼气|沼氣)\b ; EXCLUDE: No category-specific exclude regex.,regex_include_exclude,Priority 2; exclusions are evaluated before inclusion for this category.
Source-level indicator,Stated Organic-waste Treatment Route,What organic-waste treatment route is stated?,Composting,The stated organics route is composting without a clear AD element.,"composting, industrial composting, in-vessel composting, compost site",AD-only/biogas-only sources,\b(composting|compost\s+facility|industrial\s+compost|in[- ]?vessel\s+compost|IVC|compostage|compostaggio|compostaje|compostagem|kompostierung|kompostering|kompostointi|kompostiranje|composteerinstallatie|composteerbaar|kompostownia|κομποστοποίηση|κομπόστ|堆肥化|堆肥|퇴비화|퇴비|kompostitav\w*)\b,No category-specific exclude regex.,INCLUDE: \b(composting|compost\s+facility|industrial\s+compost|in[- ]?vessel\s+compost|IVC|compostage|compostaggio|compostaje|compostagem|kompostierung|kompostering|kompostointi|kompostiranje|composteerinstallatie|composteerbaar|kompostownia|κομποστοποίηση|κομπόστ|堆肥化|堆肥|퇴비화|퇴비|kompostitav\w*)\b ; EXCLUDE: No category-specific exclude regex.,regex_include_exclude,Priority 3; exclusions are evaluated before inclusion for this category.
Source-level indicator,Stated Organic-waste Treatment Route,What organic-waste treatment route is stated?,Other organic recovery,"The source indicates an organics recovery route other than composting or AD, such as animal feed, insect treatment, rendering, or other food-waste recycling.","animal feed, insect treatment, rendering, food-waste recovery route other than composting/AD",ordinary composting or AD routes,\b(animal\s+feed|feedstock|valorisation|valorization|rendering|black\s+soldier\s+fly|insect|food\s+waste\s+recycling|resource\s+recovery|자원화|사료화)\b,No category-specific exclude regex.,INCLUDE: \b(animal\s+feed|feedstock|valorisation|valorization|rendering|black\s+soldier\s+fly|insect|food\s+waste\s+recycling|resource\s+recovery|자원화|사료화)\b ; EXCLUDE: No category-specific exclude regex.,regex_include_exclude,Priority 4; exclusions are evaluated before inclusion for this category.
Source-level indicator,Stated Organic-waste Treatment Route,What organic-waste treatment route is stated?,Treatment route not stated,"The source does not state a downstream treatment technology such as composting, AD/biogas, or other organic recovery; this includes sources that state only the collection/bin route.","the source gives no downstream treatment technology, even if it may state a collection/bin route",Cases outside the category definition are excluded; see regex/rule examples.,\b(brown\s*bin|green\s*cart|organic\s*waste\s*collection|food\s*waste\s*collection|food\s*scraps?\s*(?:bin|collection)|bio[- ]?waste\s*collection|biowaste\s*collection|FOGO|GFT|biotonne|bioabfall|contenedor\s+marr[oó]n|contentor\s+castanho|bac\s+brun|rifiut[io]\s+organic[io]|umido|maisto\s+atliek|bioj[äa]te|madaffald|matavfall|bioodpad|pojemnik\s+bio|kitchen\s*waste\s*collection)\b,No category-specific exclude regex.,INCLUDE: \b(brown\s*bin|green\s*cart|organic\s*waste\s*collection|food\s*waste\s*collection|food\s*scraps?\s*(?:bin|collection)|bio[- ]?waste\s*collection|biowaste\s*collection|FOGO|GFT|biotonne|bioabfall|contenedor\s+marr[oó]n|contentor\s+castanho|bac\s+brun|rifiut[io]\s+organic[io]|umido|maisto\s+atliek|bioj[äa]te|madaffald|matavfall|bioodpad|pojemnik\s+bio|kitchen\s*waste\s*collection)\b ; EXCLUDE: No category-specific exclude regex.,regex_include_exclude,Priority 5; exclusions are evaluated before inclusion for this category.
Source-level indicator,Acceptance,How are compostable packaging/items treated in organic-waste systems?,No clear organics route,No operational or compatible organics route for compostable packaging is identified.,no compatible route for compostable packaging despite organic-waste context,sources with a stated compatible route for some compostable packaging,"\b(no|not|without|lack(?:ing)?)\b.{0,120}\b(organic\s*waste|food\s*waste|biowaste|bio[- ]?waste|organics)\b.{0,120}\b(collection|route|service|infrastructure|facility|treatment|system)\b | \b(no|not|without|lack(?:ing)?)\b.{0,120}\b(industrial\s+composting|composting\s+facility|anaerobic\s+digestion|ad\s+facility)\b | large[- ]?scale\s+composting\s+facilities.{0,120}do\s+not\s+yet\s+exist","\b(accepted|allowed|permitted|can\s+go|may\s+go|suitable|put\s+in|goes\s+in|include[d]?)\b.{0,180}\b(compostable|biodegradable|bioplastic|packaging|serviceware|cup|plate|container|cutlery|bag|liner)\b.{0,180}\b(organic|food\s*waste|green\s*bin|brown\s*bin|compost|biowaste|organics) | \b(compostable|biodegradable|bioplastic|packaging|serviceware|cup|plate|container|cutlery|bag|liner)\w*\b.{0,180}\b(accepted|allowed|permitted|can\s+go|may\s+go|suitable|put\s+in|goes\s+in|include[d]?)\b.{0,180}\b(organic|food\s*waste|green\s*bin|brown\s*bin|compost|biowaste|organics) | compostable\s+packaging\s*\(all\s+must\s+be\s+certified\s+to\s+en\s*13432\)","INCLUDE: \b(no|not|without|lack(?:ing)?)\b.{0,120}\b(organic\s*waste|food\s*waste|biowaste|bio[- ]?waste|organics)\b.{0,120}\b(collection|route|service|infrastructure|facility|treatment|system)\b | \b(no|not|without|lack(?:ing)?)\b.{0,120}\b(industrial\s+composting|composting\s+facility|anaerobic\s+digestion|ad\s+facility)\b | large[- ]?scale\s+composting\s+facilities.{0,120}do\s+not\s+yet\s+exist ; EXCLUDE: \b(accepted|allowed|permitted|can\s+go|may\s+go|suitable|put\s+in|goes\s+in|include[d]?)\b.{0,180}\b(compostable|biodegradable|bioplastic|packaging|serviceware|cup|plate|container|cutlery|bag|liner)\b.{0,180}\b(organic|food\s*waste|green\s*bin|brown\s*bin|compost|biowaste|organics) | \b(compostable|biodegradable|bioplastic|packaging|serviceware|cup|plate|container|cutlery|bag|liner)\w*\b.{0,180}\b(accepted|allowed|permitted|can\s+go|may\s+go|suitable|put\s+in|goes\s+in|include[d]?)\b.{0,180}\b(organic|food\s*waste|green\s*bin|brown\s*bin|compost|biowaste|organics) | compostable\s+packaging\s*\(all\s+must\s+be\s+certified\s+to\s+en\s*13432\)",regex_include_exclude,Priority 1; exclusions are evaluated before inclusion for this category.
Source-level indicator,Acceptance,How are compostable packaging/items treated in organic-waste systems?,Positive-list / listed items only,Only named/listed/approved items may enter the organics stream; generic certification is not sufficient.,"positive list, named item list, approved products list, ministerial annex/list items",generic certification acceptance without a named list/item constraint,"\b(positive\s+list|approved\s+(product|item|list)|accepted\s+product\s+list|whitelist|named\s+items?|specific(?:ally)?\s+approved|only\s+(listed|named|specified|approved)|not\s+on\s+the\s+list|non\s+list[ée]s?)\b | \b(only|solo|seulement|nur|alleen)\b.{0,120}\b(approved|listed|named|specific|official|designated|autoris[ée]s?|zugelassen|goedgekeurd) | arr[êe]t[ée].{0,160}(list|annex|annexe) | les\s+emballages\s+et\s+d[ée]chets\s+non\s+list[ée]s",No category-specific exclude regex.,"INCLUDE: \b(positive\s+list|approved\s+(product|item|list)|accepted\s+product\s+list|whitelist|named\s+items?|specific(?:ally)?\s+approved|only\s+(listed|named|specified|approved)|not\s+on\s+the\s+list|non\s+list[ée]s?)\b | \b(only|solo|seulement|nur|alleen)\b.{0,120}\b(approved|listed|named|specific|official|designated|autoris[ée]s?|zugelassen|goedgekeurd) | arr[êe]t[ée].{0,160}(list|annex|annexe) | les\s+emballages\s+et\s+d[ée]chets\s+non\s+list[ée]s ; EXCLUDE: No category-specific exclude regex.",regex_include_exclude,Priority 2; exclusions are evaluated before inclusion for this category.
Source-level indicator,Acceptance,How are compostable packaging/items treated in organic-waste systems?,Dedicated/controlled route only,"Acceptance exists only in controlled collection contexts such as events, closed-loop schemes, venues, or dedicated commercial collection.","closed-loop event, dedicated commercial collection, venue-specific serviceware collection",ordinary household brown-bin acceptance,\b(closed[- ]?loop|event|festival|venue|stadium|commercial\s+collection|controlled\s+(system|collection)|dedicated\s+collection|back[- ]?of[- ]?house|food[- ]?service|monocharge)\b,"\b(not\s+accepted|not\s+allowed|do\s+not\s+put|don't\s+put|must\s+not|should\s+not|prohibited|rejected|not\s+permitted|not\s+suitable|cannot|can\s*not|can’t|can't|contamination|contaminant)\b.{0,180}\b(compostable|biodegradable|bioplastic|bio[- ]?plastic|compostable\s+packag|biodegradable\s+packag|serviceware|cup|cutlery) | \b(compostable|biodegradable|bioplastic|bio[- ]?plastic|compostable\s+packag|biodegradable\s+packag|serviceware|cup|cutlery)\w*\b.{0,200}\b(not\s+accepted|not\s+allowed|do\s+not\s+put|don't\s+put|must\s+not|should\s+not|prohibited|rejected|not\s+permitted|not\s+suitable|cannot|can\s*not|can’t|can't|contamination|contaminant)\b | (plastik|kunststoff|bioplastik|biokunststoff|kompostierbare?\w*\s+(biobeutel|beutel|t[üu]ten)|verpackungen|folien|t[üu]ten).{0,180}(d[üu]rfen\s+nicht|geh[öo]ren\s+nicht|nicht\s+in\s+(die\s+)?biotonne|darf\s+nicht\s+rein|kein\s+plastik|verboten|nicht\s+ausreichend)","INCLUDE: \b(closed[- ]?loop|event|festival|venue|stadium|commercial\s+collection|controlled\s+(system|collection)|dedicated\s+collection|back[- ]?of[- ]?house|food[- ]?service|monocharge)\b ; EXCLUDE: \b(not\s+accepted|not\s+allowed|do\s+not\s+put|don't\s+put|must\s+not|should\s+not|prohibited|rejected|not\s+permitted|not\s+suitable|cannot|can\s*not|can’t|can't|contamination|contaminant)\b.{0,180}\b(compostable|biodegradable|bioplastic|bio[- ]?plastic|compostable\s+packag|biodegradable\s+packag|serviceware|cup|cutlery) | \b(compostable|biodegradable|bioplastic|bio[- ]?plastic|compostable\s+packag|biodegradable\s+packag|serviceware|cup|cutlery)\w*\b.{0,200}\b(not\s+accepted|not\s+allowed|do\s+not\s+put|don't\s+put|must\s+not|should\s+not|prohibited|rejected|not\s+permitted|not\s+suitable|cannot|can\s*not|can’t|can't|contamination|contaminant)\b | (plastik|kunststoff|bioplastik|biokunststoff|kompostierbare?\w*\s+(biobeutel|beutel|t[üu]ten)|verpackungen|folien|t[üu]ten).{0,180}(d[üu]rfen\s+nicht|geh[öo]ren\s+nicht|nicht\s+in\s+(die\s+)?biotonne|darf\s+nicht\s+rein|kein\s+plastik|verboten|nicht\s+ausreichend)",regex_include_exclude,Priority 3; exclusions are evaluated before inclusion for this category.
Source-level indicator,Acceptance,How are compostable packaging/items treated in organic-waste systems?,Collection liners only,"Acceptance is limited to food-waste liners, caddy liners, collection bags, or closely equivalent collection aids.","compostable caddy liners, food-waste bags, official collection bags only",general food-service packaging acceptance; broad acceptance,"\b(use|can\s+use|may\s+use|allowed\s+to\s+use|line|pack|collect|wrap)\b.{0,160}\b(compostable|bioplastic|biodegradable|paper)\s+(bag|liner|sack)s? | \b(food[- ]?waste|bio[- ]?waste|organic\s*waste|kitchen\s*caddy)\b.{0,160}\b(compostable|biodegradable|paper)\s+(bag|liner|sack)s? | \b(compostable|biodegradable|paper)\s+(bag|liner|sack)s?\b.{0,160}\b(food[- ]?waste|bio[- ]?waste|organic\s*waste|kitchen\s*caddy|brown\s+bin) | (bioj[äa]te|matavfall|food\s*waste|gft|gfe\+?t).{0,180}(compostable|composteerbare?\w*|biologisch\s+afbreekbare?\w*|biohajoava\w*|komposterbar\w*|paper|papieren?)\s+(bag|liner|pussi|zak|zakje|pose)s?","\bcompostable\s+packaging\b.{0,180}\b(accepted|allowed|permitted|can\s+(?:also\s+)?be\s+placed|can\s+go|may\s+go|put\s+in|place\s+in)\b.{0,120}\b(brown\s+bin|green\s+bin|organic\s+waste|organics|biowaste|food\s+waste|compost(?:ing)?\s+bin) | \b(accepted|allowed|permitted|can\s+(?:also\s+)?be\s+placed|can\s+go|may\s+go|put\s+in|place\s+in)\b.{0,180}\b(compostable\s+packaging|compostable\s+take[- ]?away|compostable\s+serviceware|compostable\s+food[- ]?service|compostable\s+(cups?|plates?|bowls?|containers?|cutlery|trays?)) | compostable\s+packaging\s*\(all\s+must\s+be\s+certified\s+to\s+en\s*13432\)","INCLUDE: \b(use|can\s+use|may\s+use|allowed\s+to\s+use|line|pack|collect|wrap)\b.{0,160}\b(compostable|bioplastic|biodegradable|paper)\s+(bag|liner|sack)s? | \b(food[- ]?waste|bio[- ]?waste|organic\s*waste|kitchen\s*caddy)\b.{0,160}\b(compostable|biodegradable|paper)\s+(bag|liner|sack)s? | \b(compostable|biodegradable|paper)\s+(bag|liner|sack)s?\b.{0,160}\b(food[- ]?waste|bio[- ]?waste|organic\s*waste|kitchen\s*caddy|brown\s+bin) | (bioj[äa]te|matavfall|food\s*waste|gft|gfe\+?t).{0,180}(compostable|composteerbare?\w*|biologisch\s+afbreekbare?\w*|biohajoava\w*|komposterbar\w*|paper|papieren?)\s+(bag|liner|pussi|zak|zakje|pose)s? ; EXCLUDE: \bcompostable\s+packaging\b.{0,180}\b(accepted|allowed|permitted|can\s+(?:also\s+)?be\s+placed|can\s+go|may\s+go|put\s+in|place\s+in)\b.{0,120}\b(brown\s+bin|green\s+bin|organic\s+waste|organics|biowaste|food\s+waste|compost(?:ing)?\s+bin) | \b(accepted|allowed|permitted|can\s+(?:also\s+)?be\s+placed|can\s+go|may\s+go|put\s+in|place\s+in)\b.{0,180}\b(compostable\s+packaging|compostable\s+take[- ]?away|compostable\s+serviceware|compostable\s+food[- ]?service|compostable\s+(cups?|plates?|bowls?|containers?|cutlery|trays?)) | compostable\s+packaging\s*\(all\s+must\s+be\s+certified\s+to\s+en\s*13432\)",regex_include_exclude,Priority 4; exclusions are evaluated before inclusion for this category.
Source-level indicator,Acceptance,How are compostable packaging/items treated in organic-waste systems?,Accepted broadly,Compostable packaging or multiple compostable item types beyond liners are accepted in the organics stream.,certified compostable packaging/serviceware allowed in green/brown/organics bin beyond liners,"liner-only, positive-list-only, event-only, or unclear rules","\bcompostable\s+packaging\b.{0,180}\b(accepted|allowed|permitted|can\s+(?:also\s+)?be\s+placed|can\s+go|may\s+go|put\s+in|place\s+in)\b.{0,120}\b(brown\s+bin|green\s+bin|organic\s+waste|organics|biowaste|food\s+waste|compost(?:ing)?\s+bin) | \b(accepted|allowed|permitted|can\s+(?:also\s+)?be\s+placed|can\s+go|may\s+go|put\s+in|place\s+in)\b.{0,180}\b(compostable\s+packaging|compostable\s+take[- ]?away|compostable\s+serviceware|compostable\s+food[- ]?service|compostable\s+(cups?|plates?|bowls?|containers?|cutlery|trays?)) | compostable\s+packaging\s*\(all\s+must\s+be\s+certified\s+to\s+en\s*13432\) | compostable\s+packaging\s+and\s+take\s*away\s+items.{0,180}can\s+also\s+be\s+placed\s+in\s+the\s+brown\s+bin","\b(not\s+accepted|not\s+allowed|do\s+not\s+put|don't\s+put|must\s+not|should\s+not|prohibited|rejected|not\s+permitted|not\s+suitable|cannot|can\s*not|can’t|can't|contamination|contaminant)\b.{0,180}\b(compostable|biodegradable|bioplastic|bio[- ]?plastic|compostable\s+packag|biodegradable\s+packag|serviceware|cup|cutlery) | \b(compostable|biodegradable|bioplastic|bio[- ]?plastic|compostable\s+packag|biodegradable\s+packag|serviceware|cup|cutlery)\w*\b.{0,200}\b(not\s+accepted|not\s+allowed|do\s+not\s+put|don't\s+put|must\s+not|should\s+not|prohibited|rejected|not\s+permitted|not\s+suitable|cannot|can\s*not|can’t|can't|contamination|contaminant)\b | (plastik|kunststoff|bioplastik|biokunststoff|kompostierbare?\w*\s+(biobeutel|beutel|t[üu]ten)|verpackungen|folien|t[üu]ten).{0,180}(d[üu]rfen\s+nicht|geh[öo]ren\s+nicht|nicht\s+in\s+(die\s+)?biotonne|darf\s+nicht\s+rein|kein\s+plastik|verboten|nicht\s+ausreichend)","INCLUDE: \bcompostable\s+packaging\b.{0,180}\b(accepted|allowed|permitted|can\s+(?:also\s+)?be\s+placed|can\s+go|may\s+go|put\s+in|place\s+in)\b.{0,120}\b(brown\s+bin|green\s+bin|organic\s+waste|organics|biowaste|food\s+waste|compost(?:ing)?\s+bin) | \b(accepted|allowed|permitted|can\s+(?:also\s+)?be\s+placed|can\s+go|may\s+go|put\s+in|place\s+in)\b.{0,180}\b(compostable\s+packaging|compostable\s+take[- ]?away|compostable\s+serviceware|compostable\s+food[- ]?service|compostable\s+(cups?|plates?|bowls?|containers?|cutlery|trays?)) | compostable\s+packaging\s*\(all\s+must\s+be\s+certified\s+to\s+en\s*13432\) | compostable\s+packaging\s+and\s+take\s*away\s+items.{0,180}can\s+also\s+be\s+placed\s+in\s+the\s+brown\s+bin ; EXCLUDE: \b(not\s+accepted|not\s+allowed|do\s+not\s+put|don't\s+put|must\s+not|should\s+not|prohibited|rejected|not\s+permitted|not\s+suitable|cannot|can\s*not|can’t|can't|contamination|contaminant)\b.{0,180}\b(compostable|biodegradable|bioplastic|bio[- ]?plastic|compostable\s+packag|biodegradable\s+packag|serviceware|cup|cutlery) | \b(compostable|biodegradable|bioplastic|bio[- ]?plastic|compostable\s+packag|biodegradable\s+packag|serviceware|cup|cutlery)\w*\b.{0,200}\b(not\s+accepted|not\s+allowed|do\s+not\s+put|don't\s+put|must\s+not|should\s+not|prohibited|rejected|not\s+permitted|not\s+suitable|cannot|can\s*not|can’t|can't|contamination|contaminant)\b | (plastik|kunststoff|bioplastik|biokunststoff|kompostierbare?\w*\s+(biobeutel|beutel|t[üu]ten)|verpackungen|folien|t[üu]ten).{0,180}(d[üu]rfen\s+nicht|geh[öo]ren\s+nicht|nicht\s+in\s+(die\s+)?biotonne|darf\s+nicht\s+rein|kein\s+plastik|verboten|nicht\s+ausreichend)",regex_include_exclude,Priority 5; exclusions are evaluated before inclusion for this category.
Source-level indicator,Acceptance,How are compostable packaging/items treated in organic-waste systems?,Rejected,"Compostable packaging, compostable plastics, or relevant compostable items are explicitly rejected from organic waste or treated as contamination.","application is rejected, treated as contamination/residual waste, has no accepted route, or is outside a liner/listed-item rule",accepted/conditional applications or unclear cases,"\b(not\s+accepted|not\s+allowed|do\s+not\s+put|don't\s+put|must\s+not|should\s+not|prohibited|rejected|not\s+permitted|not\s+suitable|cannot|can\s*not|can’t|can't|contamination|contaminant)\b.{0,180}\b(compostable|biodegradable|bioplastic|bio[- ]?plastic|compostable\s+packag|biodegradable\s+packag|serviceware|cup|cutlery) | \b(compostable|biodegradable|bioplastic|bio[- ]?plastic|compostable\s+packag|biodegradable\s+packag|serviceware|cup|cutlery)\w*\b.{0,200}\b(not\s+accepted|not\s+allowed|do\s+not\s+put|don't\s+put|must\s+not|should\s+not|prohibited|rejected|not\s+permitted|not\s+suitable|cannot|can\s*not|can’t|can't|contamination|contaminant)\b | (plastik|kunststoff|bioplastik|biokunststoff|kompostierbare?\w*\s+(biobeutel|beutel|t[üu]ten)|verpackungen|folien|t[üu]ten).{0,180}(d[üu]rfen\s+nicht|geh[öo]ren\s+nicht|nicht\s+in\s+(die\s+)?biotonne|darf\s+nicht\s+rein|kein\s+plastik|verboten|nicht\s+ausreichend) | (niet\s+in\s+(de\s+)?gft|mag\s+niet\s+(in|bij)|niet\s+bij\s+(het\s+)?gft|gooi\s+nooit|hoort\s+niet\s+in|niet\s+toegestaan).{0,200}(bioplastic|composteerbaar\w*|biologisch\s+afbreekbaar\w*|verpakking\w*|plastic|wegwerpbestek|borden|bekers|zakjes?)",No category-specific exclude regex.,"INCLUDE: \b(not\s+accepted|not\s+allowed|do\s+not\s+put|don't\s+put|must\s+not|should\s+not|prohibited|rejected|not\s+permitted|not\s+suitable|cannot|can\s*not|can’t|can't|contamination|contaminant)\b.{0,180}\b(compostable|biodegradable|bioplastic|bio[- ]?plastic|compostable\s+packag|biodegradable\s+packag|serviceware|cup|cutlery) | \b(compostable|biodegradable|bioplastic|bio[- ]?plastic|compostable\s+packag|biodegradable\s+packag|serviceware|cup|cutlery)\w*\b.{0,200}\b(not\s+accepted|not\s+allowed|do\s+not\s+put|don't\s+put|must\s+not|should\s+not|prohibited|rejected|not\s+permitted|not\s+suitable|cannot|can\s*not|can’t|can't|contamination|contaminant)\b | (plastik|kunststoff|bioplastik|biokunststoff|kompostierbare?\w*\s+(biobeutel|beutel|t[üu]ten)|verpackungen|folien|t[üu]ten).{0,180}(d[üu]rfen\s+nicht|geh[öo]ren\s+nicht|nicht\s+in\s+(die\s+)?biotonne|darf\s+nicht\s+rein|kein\s+plastik|verboten|nicht\s+ausreichend) | (niet\s+in\s+(de\s+)?gft|mag\s+niet\s+(in|bij)|niet\s+bij\s+(het\s+)?gft|gooi\s+nooit|hoort\s+niet\s+in|niet\s+toegestaan).{0,200}(bioplastic|composteerbaar\w*|biologisch\s+afbreekbaar\w*|verpakking\w*|plastic|wegwerpbestek|borden|bekers|zakjes?) ; EXCLUDE: No category-specific exclude regex.",regex_include_exclude,Priority 6; exclusions are evaluated before inclusion for this category.
Source-level indicator,Acceptance,How are compostable packaging/items treated in organic-waste systems?,Local decision required,"Acceptance is unclear, locally variable, or fragmented across municipalities/facilities.",depends on municipality/local collector; unclear; locally variable,clear national/municipal/facility rule,\b(var(?:y|ies)|various|depends\s+on|local\s+(rules|conditions|authority)|municipalities\s+decide|case[- ]?by[- ]?case|fragmented|unclear|not\s+clear|not\s+stated|varieert|verschilt|localement|commune\s+par\s+commune)\b,No category-specific exclude regex.,INCLUDE: \b(var(?:y|ies)|various|depends\s+on|local\s+(rules|conditions|authority)|municipalities\s+decide|case[- ]?by[- ]?case|fragmented|unclear|not\s+clear|not\s+stated|varieert|verschilt|localement|commune\s+par\s+commune)\b ; EXCLUDE: No category-specific exclude regex.,regex_include_exclude,Priority 7; exclusions are evaluated before inclusion for this category.
Source-level indicator,Acceptance,How are compostable packaging/items treated in organic-waste systems?,No explicit compostable-packaging rule,The source discusses organics/biowaste but does not explicitly address compostable packaging acceptance or rejection.,organics source is relevant but gives no direct compostable-packaging rule,explicit accept/reject/condition language,No direct include regex: category is assigned by fallback/default or derived mapping.,No category-specific exclude regex.,INCLUDE: No direct include regex: category is assigned by fallback/default or derived mapping. ; EXCLUDE: No category-specific exclude regex.,fallback_default,Priority 8; exclusions are evaluated before inclusion for this category.
Intermediate decision input,conditional-acceptance cue,Which gatekeeping condition is attached to acceptance before application and certification-sufficiency mapping?,Local/facility approval required,"Certification is not enough; local authority, collector, or facility approval is also required.","certification plus local authority, collector, facility, or approved-list requirement",certification alone with no local/facility approval cue,"\b(local|municipal|council|collector|hauler|facility|processor|composter|operator|kommune|gemeente|commune|collectivit[ée]|azienda|impianto)\b.{0,120}\b(approval|required|accepted|permitted|check|depends|approved|zugelassen|toegestaan|autoris[ée]|approv|ammess)\b | \b(certification|certified|label|standard)\b.{0,120}\b(and|plus).{0,80}\b(local|facility|municipal|collector|processor)",No category-specific exclude regex.,"INCLUDE: \b(local|municipal|council|collector|hauler|facility|processor|composter|operator|kommune|gemeente|commune|collectivit[ée]|azienda|impianto)\b.{0,120}\b(approval|required|accepted|permitted|check|depends|approved|zugelassen|toegestaan|autoris[ée]|approv|ammess)\b | \b(certification|certified|label|standard)\b.{0,120}\b(and|plus).{0,80}\b(local|facility|municipal|collector|processor) ; EXCLUDE: No category-specific exclude regex.",regex_include_exclude,Priority 1; exclusions are evaluated before inclusion for this category.
Intermediate decision input,conditional-acceptance cue,Which gatekeeping condition is attached to acceptance before application and certification-sufficiency mapping?,Named certification/standard required,"A named standard, certification, logo, or label is required for accepted items.",EN 13432 required; BPI certified; OK compost required,generic compostable wording without named certification/standard,\b(en\s*13432|ok\s*compost|seedling|keimling|kiemplant|bpi|astm\s*d\s*6400|nf\s*t\s*51[- ]?800|as\s*4736|as\s*5810|bnq|dinplus|t[üu]v\s*austria|compostabile\s*cic|certifi[ée]d?|certificad\w*|certificat\w*)\b,No category-specific exclude regex.,INCLUDE: \b(en\s*13432|ok\s*compost|seedling|keimling|kiemplant|bpi|astm\s*d\s*6400|nf\s*t\s*51[- ]?800|as\s*4736|as\s*5810|bnq|dinplus|t[üu]v\s*austria|compostabile\s*cic|certifi[ée]d?|certificad\w*|certificat\w*)\b ; EXCLUDE: No category-specific exclude regex.,regex_include_exclude,Priority 2; exclusions are evaluated before inclusion for this category.
Intermediate decision input,conditional-acceptance cue,Which gatekeeping condition is attached to acceptance before application and certification-sufficiency mapping?,Official/designated item required,"Only officially designated, supplied, or programme-approved items are accepted.","council-supplied bag, government-designated bag, official printed/grid bag",generic certified bags sold at retail without official designation,"\b(official|designated|provided|supplied|distributed|council[- ]?supplied|municipal[- ]?supplied|programme[- ]?supplied|approved|fournis?|approuv[ée]s?|distribu[ée]s?|fornit\w*|zugelassen|godkendt|hyv[äa]ksytty)\b.{0,140}\b(bag|liner|sack|item|product|sac|sachet|sacco|sacchetto|bolsa|saco|zak|zakje|pose|pussi|beutel)s?\b | (専用袋|指定袋|전용봉투|종량제봉투|专用袋|專用袋|oranžin\w*\s+maišel\w*)",No category-specific exclude regex.,"INCLUDE: \b(official|designated|provided|supplied|distributed|council[- ]?supplied|municipal[- ]?supplied|programme[- ]?supplied|approved|fournis?|approuv[ée]s?|distribu[ée]s?|fornit\w*|zugelassen|godkendt|hyv[äa]ksytty)\b.{0,140}\b(bag|liner|sack|item|product|sac|sachet|sacco|sacchetto|bolsa|saco|zak|zakje|pose|pussi|beutel)s?\b | (専用袋|指定袋|전용봉투|종량제봉투|专用袋|專用袋|oranžin\w*\s+maišel\w*) ; EXCLUDE: No category-specific exclude regex.",regex_include_exclude,Priority 3; exclusions are evaluated before inclusion for this category.
Intermediate decision input,conditional-acceptance cue,Which gatekeeping condition is attached to acceptance before application and certification-sufficiency mapping?,Approved/named list required,"Acceptance requires appearance on an approved, positive, or named-item list.","positive list, approved products list, named annex/list items",broad acceptance without list/annex/named item restriction,"\b(positive\s+list|approved\s+(product|item|list)|accepted\s+product\s+list|whitelist|named\s+items?|specific(?:ally)?\s+approved|only\s+(listed|named|specified|approved)|not\s+on\s+the\s+list|non\s+list[ée]s?)\b | \b(only|solo|seulement|nur|alleen)\b.{0,120}\b(approved|listed|named|specific|official|designated|autoris[ée]s?|zugelassen|goedgekeurd)",No category-specific exclude regex.,"INCLUDE: \b(positive\s+list|approved\s+(product|item|list)|accepted\s+product\s+list|whitelist|named\s+items?|specific(?:ally)?\s+approved|only\s+(listed|named|specified|approved)|not\s+on\s+the\s+list|non\s+list[ée]s?)\b | \b(only|solo|seulement|nur|alleen)\b.{0,120}\b(approved|listed|named|specific|official|designated|autoris[ée]s?|zugelassen|goedgekeurd) ; EXCLUDE: No category-specific exclude regex.",regex_include_exclude,Priority 4; exclusions are evaluated before inclusion for this category.
Intermediate decision input,conditional-acceptance cue,Which gatekeeping condition is attached to acceptance before application and certification-sufficiency mapping?,Controlled/dedicated context required,"Acceptance is limited to specific event, commercial, venue, or dedicated collection contexts.","event-only, commercial route only, dedicated collection only",ordinary household acceptance not limited to event/commercial/dedicated context,\b(closed[- ]?loop|event|festival|venue|stadium|commercial\s+collection|controlled\s+(system|collection)|dedicated\s+collection|back[- ]?of[- ]?house|food[- ]?service|monocharge)\b,No category-specific exclude regex.,INCLUDE: \b(closed[- ]?loop|event|festival|venue|stadium|commercial\s+collection|controlled\s+(system|collection)|dedicated\s+collection|back[- ]?of[- ]?house|food[- ]?service|monocharge)\b ; EXCLUDE: No category-specific exclude regex.,regex_include_exclude,Priority 5; exclusions are evaluated before inclusion for this category.
Intermediate decision input,conditional-acceptance cue,Which gatekeeping condition is attached to acceptance before application and certification-sufficiency mapping?,Generic compostable/biodegradable requirement,"Accepted items must at least be described as compostable or biodegradable, but no named standard or approval basis is detected.",See regex/rule examples for representative matched wording.,Cases outside the category definition are excluded; see regex/rule examples.,\b(compostable|biodegradable|composteerbaar\w*|kompostierbar\w*|compostabil\w*|biod[ée]gradable\w*|biohajoava|kompostoituva|biolagunev\w*|kompostowaln\w*|biodegradowaln\w*|可堆肥|可降解|生分解|생분해)\b,No category-specific exclude regex.,INCLUDE: \b(compostable|biodegradable|composteerbaar\w*|kompostierbar\w*|compostabil\w*|biod[ée]gradable\w*|biohajoava|kompostoituva|biolagunev\w*|kompostowaln\w*|biodegradowaln\w*|可堆肥|可降解|生分解|생분해)\b ; EXCLUDE: No category-specific exclude regex.,regex_include_exclude,Priority 6; exclusions are evaluated before inclusion for this category.
Intermediate decision input,conditional-acceptance cue,Which gatekeeping condition is attached to acceptance before application and certification-sufficiency mapping?,No additional condition stated,"No condition is specified, or the item/rule is not accepted. This indicator is retained as an intermediate input, not as a standalone headline result, because it overlaps conceptually with the derived certification-sufficiency indicator.","accepted route found, but no additional condition is stated","explicit certification, approval, official item, or context-specific condition",No direct include regex: category is assigned by fallback/default or derived mapping.,No category-specific exclude regex.,INCLUDE: No direct include regex: category is assigned by fallback/default or derived mapping. ; EXCLUDE: No category-specific exclude regex.,derived/fallback,Priority 7; exclusions are evaluated before inclusion for this category.
Source-level indicator,Certification and Approval Basis,"What standard, certification, label, or approval basis is mentioned as the upstream product-qualification or approval signal?",OK compost HOME / NF T 51-800 / AS 5810,Home-compostability standards and labels are mentioned.,"OK compost HOME, NF T 51-800, AS 5810, home-compostable mark",industrial-only EN 13432/OK compost industrial unless home standard also present,\bok\s*compost\s*home\b | \bhome[- ]?compostable|home\s*compostability\b | \bnf\s*t\s*51[- ]?800\b | \bas\s*5810\b,No category-specific exclude regex.,INCLUDE: \bok\s*compost\s*home\b | \bhome[- ]?compostable|home\s*compostability\b | \bnf\s*t\s*51[- ]?800\b | \bas\s*5810\b ; EXCLUDE: No category-specific exclude regex.,regex_include_exclude,Priority 1; exclusions are evaluated before inclusion for this category.
Source-level indicator,Certification and Approval Basis,"What standard, certification, label, or approval basis is mentioned as the upstream product-qualification or approval signal?",BPI / ASTM / CMA,North American industrial compostability certification or acceptance programmes are mentioned.,"BPI, ASTM D6400, ASTM D6868, Compost Manufacturing Alliance",European EN/OK compost-only evidence without BPI/ASTM/CMA,\bbpi\b|\bbiodegradable\s+products\s+institute\b | \bastm\s*d\s*6400\b|\bd\s*6400\b | \bastm\s*d\s*6868\b|\bd\s*6868\b | \b(?:cma[- ]?(?:certified|accepted|approved)|compost\s+manufacturing\s+alliance)\b,No category-specific exclude regex.,INCLUDE: \bbpi\b|\bbiodegradable\s+products\s+institute\b | \bastm\s*d\s*6400\b|\bd\s*6400\b | \bastm\s*d\s*6868\b|\bd\s*6868\b | \b(?:cma[- ]?(?:certified|accepted|approved)|compost\s+manufacturing\s+alliance)\b ; EXCLUDE: No category-specific exclude regex.,regex_include_exclude,Priority 2; exclusions are evaluated before inclusion for this category.
Source-level indicator,Certification and Approval Basis,"What standard, certification, label, or approval basis is mentioned as the upstream product-qualification or approval signal?",EN 13432 / OK compost / Seedling,European/industrial compostability standards and labels are mentioned.,"EN 13432, OK compost, Seedling/Keimling/Kiemplant, DIN CERTCO, Compostabile CIC",home-only standard or North American BPI/ASTM-only evidence,\b(en|din\s*en|uni\s*en|bs\s*en|nf\s*en)?\s*13432\b | \beuropean\s+standard\s+en\s*13432\b | \bok\s*compost(?!\s*home)\b | \bseedling\b|\bkeimling\b|\bkiemplant(?:logo)?\b,No category-specific exclude regex.,INCLUDE: \b(en|din\s*en|uni\s*en|bs\s*en|nf\s*en)?\s*13432\b | \beuropean\s+standard\s+en\s*13432\b | \bok\s*compost(?!\s*home)\b | \bseedling\b|\bkeimling\b|\bkiemplant(?:logo)?\b ; EXCLUDE: No category-specific exclude regex.,regex_include_exclude,Priority 3; exclusions are evaluated before inclusion for this category.
Source-level indicator,Certification and Approval Basis,"What standard, certification, label, or approval basis is mentioned as the upstream product-qualification or approval signal?",Country-specific standards/certifications (BNQ / AS 4736 / DINplus),"Country-specific compostability standards, certification schemes, or stricter national add-ons are mentioned.","BNQ, AS 4736, DINplus, JIS, or other country-specific compostability standards/certifications",generic industrial standard with no country-specific standard/certification cue,\bas\s*4736\b | \bbnq\b|\bcan/bnq\b | \bdinplus\b | \bnmx\b|\bks\s*[a-z]?\s*\d{4}|\bjis\b,No category-specific exclude regex.,INCLUDE: \bas\s*4736\b | \bbnq\b|\bcan/bnq\b | \bdinplus\b | \bnmx\b|\bks\s*[a-z]?\s*\d{4}|\bjis\b ; EXCLUDE: No category-specific exclude regex.,regex_include_exclude,Priority 4; exclusions are evaluated before inclusion for this category.
Source-level indicator,Certification and Approval Basis,"What standard, certification, label, or approval basis is mentioned as the upstream product-qualification or approval signal?",Government/programme-approved,"Acceptance is tied to an official, designated, positive-list, or programme-approved item rather than generic certification alone.",official/provided/approved bag or programme-approved product,generic compostable wording with no official/designated/programme approval cue,"\b(official|approved|designated|provided|supplied|distributed|council[- ]?supplied|municipal[- ]?supplied|city[- ]?supplied|programme[- ]?approved|program[- ]?approved)\b.{0,120}\b(bag|liner|sack|item|product)s?\b | \b(grid[- ]?print|lattice[- ]?print|printed)\s*bio\s*bag\b | (専用袋|指定袋|市が回収|전용봉투|종량제봉투|专用袋|專用袋|orange\s+bag|oranžin\w*\s+maišel\w*)",No category-specific exclude regex.,"INCLUDE: \b(official|approved|designated|provided|supplied|distributed|council[- ]?supplied|municipal[- ]?supplied|city[- ]?supplied|programme[- ]?approved|program[- ]?approved)\b.{0,120}\b(bag|liner|sack|item|product)s?\b | \b(grid[- ]?print|lattice[- ]?print|printed)\s*bio\s*bag\b | (専用袋|指定袋|市が回収|전용봉투|종량제봉투|专用袋|專用袋|orange\s+bag|oranžin\w*\s+maišel\w*) ; EXCLUDE: No category-specific exclude regex.",regex_include_exclude,Priority 5; exclusions are evaluated before inclusion for this category.
Source-level indicator,Certification and Approval Basis,"What standard, certification, label, or approval basis is mentioned as the upstream product-qualification or approval signal?",Generic compostable/biodegradable claim only,Only a generic compostable/biodegradable claim is present; no named standard or approval basis is detected.,"compostable, biodegradable, biohajoava, kompostierbar without named standard","named standard, certification, or official approval basis",\b(compostable|biodegradable|industrially\s+compostable|certified\s+compostable|composteerbaar\w*|kompostierbar\w*|compostabil\w*|biod[ée]gradable\w*|biohajoava|kompostoituva|biolagunev\w*|biolo[šs]ko\s+razgradljiv\w*|kompostowaln\w*|biodegradowaln\w*)\b | (可堆肥|可生物降解|可降解|生分解|생분해),No category-specific exclude regex.,INCLUDE: \b(compostable|biodegradable|industrially\s+compostable|certified\s+compostable|composteerbaar\w*|kompostierbar\w*|compostabil\w*|biod[ée]gradable\w*|biohajoava|kompostoituva|biolagunev\w*|biolo[šs]ko\s+razgradljiv\w*|kompostowaln\w*|biodegradowaln\w*)\b | (可堆肥|可生物降解|可降解|生分解|생분해) ; EXCLUDE: No category-specific exclude regex.,regex_include_exclude,Priority 6; exclusions are evaluated before inclusion for this category.
Source-level indicator,Certification and Approval Basis,"What standard, certification, label, or approval basis is mentioned as the upstream product-qualification or approval signal?",No standard stated,"No named standard, certification, label, or programme/facility approval basis is detected.",no EN/BPI/OK compost/home-compostability or approval basis detected,"any named standard, mark, certification, or approval basis",No direct include regex: category is assigned by fallback/default or derived mapping.,No category-specific exclude regex.,INCLUDE: No direct include regex: category is assigned by fallback/default or derived mapping. ; EXCLUDE: No category-specific exclude regex.,fallback_default,Priority 7; exclusions are evaluated before inclusion for this category.
Source-level indicator,Rejection Rationale,Why are compostable packaging/items rejected or restricted?,No compatible organic-treatment route,No compatible collection/treatment route is identified for compostable packaging.,no facility/infrastructure/service able to handle compostable packaging,specific route exists for accepted compostable items,"\b(no|not|without|lack(?:ing)?)\b.{0,120}\b(organic\s*waste|food\s*waste|biowaste|bio[- ]?waste|organics)\b.{0,120}\b(collection|route|service|infrastructure|facility|treatment|system)\b | \b(no|not|without|lack(?:ing)?)\b.{0,120}\b(industrial\s+composting|composting\s+facility|anaerobic\s+digestion|ad\s+facility)\b | large[- ]?scale\s+composting\s+facilities.{0,120}do\s+not\s+yet\s+exist | \bno\s+(accepted|available|suitable|compatible|clear)\s+(route|collection|treatment|facility|system)\b",No category-specific exclude regex.,"INCLUDE: \b(no|not|without|lack(?:ing)?)\b.{0,120}\b(organic\s*waste|food\s*waste|biowaste|bio[- ]?waste|organics)\b.{0,120}\b(collection|route|service|infrastructure|facility|treatment|system)\b | \b(no|not|without|lack(?:ing)?)\b.{0,120}\b(industrial\s+composting|composting\s+facility|anaerobic\s+digestion|ad\s+facility)\b | large[- ]?scale\s+composting\s+facilities.{0,120}do\s+not\s+yet\s+exist | \bno\s+(accepted|available|suitable|compatible|clear)\s+(route|collection|treatment|facility|system)\b ; EXCLUDE: No category-specific exclude regex.",regex_include_exclude,Priority 1; exclusions are evaluated before inclusion for this category.
Source-level indicator,Rejection Rationale,Why are compostable packaging/items rejected or restricted?,AD/biogas incompatibility,The rationale specifically concerns AD/biogas compatibility.,biogas/AD process incompatible; clogs pipes; not designed for anaerobic digestion,ordinary composting residence-time problem,"\b(anaerobic\s+digestion|\bAD\b|biogas|digest(?:ion|er)|m[ée]thanisation|methani[sz]ation|verg[äa]rung|biokaas|bioverg[äa]rungsanlage|biogass|biogasanlegg|biogödsel|biogødning)\b.{0,240}\b(compostable|biodegradable|bag|liner|plastic|packaging|break\s+down|clog|screen|reject|incompatib|problem) | \b(compostable|biodegradable|bag|liner|plastic|packaging)\b.{0,240}\b(anaerobic\s+digestion|\bAD\b|biogas|digest(?:ion|er)|m[ée]thanisation|methani[sz]ation|verg[äa]rung|biogass|biogas)",No category-specific exclude regex.,"INCLUDE: \b(anaerobic\s+digestion|\bAD\b|biogas|digest(?:ion|er)|m[ée]thanisation|methani[sz]ation|verg[äa]rung|biokaas|bioverg[äa]rungsanlage|biogass|biogasanlegg|biogödsel|biogødning)\b.{0,240}\b(compostable|biodegradable|bag|liner|plastic|packaging|break\s+down|clog|screen|reject|incompatib|problem) | \b(compostable|biodegradable|bag|liner|plastic|packaging)\b.{0,240}\b(anaerobic\s+digestion|\bAD\b|biogas|digest(?:ion|er)|m[ée]thanisation|methani[sz]ation|verg[äa]rung|biogass|biogas) ; EXCLUDE: No category-specific exclude regex.",regex_include_exclude,Priority 2; exclusions are evaluated before inclusion for this category.
Source-level indicator,Rejection Rationale,Why are compostable packaging/items rejected or restricted?,Slow degradation / residence-time mismatch,Item is rejected because it degrades more slowly than the facility process.,does not break down in time; too slow; short residence time; incomplete degradation,"rejection based only on law/list, not degradation time","\b(residence\s*time|retention\s*time|process\s*time|degradation\s+time|decompose\s+in\s+time|break\s+down\s+in\s+time|too\s+slow|slow\s+decomposition|does\s+not\s+break\s+down|not\s+break\s+down|incomplete\s+(breakdown|degradation)|not\s+fully\s+(degrade|decompose)|6[- ]?week|12[- ]?week|longer\s+than\s+the\s+process)\b | (rottezeit|zersetzungszeit|nicht\s+sicher\s+vollst[äa]ndig\s+biologisch\s+abgebaut|langer\s+dan\s+het\s+proces|proces\s+te\s+kort|te\s+langzaam\s+af|breekt\s+te\s+langzaam|langzaam\s+afbre|biohajoava.{0,80}hidas|hitaan\s+maatumis|ikke\s+brytes\s+ned|brytes\s+ikke\s+ned|inte\s+bryts\s+ner|för\s+långsamt|nedbrytning|분해|퇴비화할|可降解塑料袋.{0,80}降解的速度比厨余垃圾慢)",No category-specific exclude regex.,"INCLUDE: \b(residence\s*time|retention\s*time|process\s*time|degradation\s+time|decompose\s+in\s+time|break\s+down\s+in\s+time|too\s+slow|slow\s+decomposition|does\s+not\s+break\s+down|not\s+break\s+down|incomplete\s+(breakdown|degradation)|not\s+fully\s+(degrade|decompose)|6[- ]?week|12[- ]?week|longer\s+than\s+the\s+process)\b | (rottezeit|zersetzungszeit|nicht\s+sicher\s+vollst[äa]ndig\s+biologisch\s+abgebaut|langer\s+dan\s+het\s+proces|proces\s+te\s+kort|te\s+langzaam\s+af|breekt\s+te\s+langzaam|langzaam\s+afbre|biohajoava.{0,80}hidas|hitaan\s+maatumis|ikke\s+brytes\s+ned|brytes\s+ikke\s+ned|inte\s+bryts\s+ner|för\s+långsamt|nedbrytning|분해|퇴비화할|可降解塑料袋.{0,80}降解的速度比厨余垃圾慢) ; EXCLUDE: No category-specific exclude regex.",regex_include_exclude,Priority 3; exclusions are evaluated before inclusion for this category.
Source-level indicator,Rejection Rationale,Why are compostable packaging/items rejected or restricted?,Pre-treatment/screening/equipment constraint,"Mechanical sorting, pre-treatment, screening, or equipment constraints are given.","clogging, jamming, shredders, equipment disruption, operational problems",legal exclusion with no equipment/process-disruption wording,\b(pre[- ]?treatment|screening|screened\s+out|front[- ]?end|sorting\s+plant|shredder|sieve|sieving|pulper|separator|machine|pump|pipe|clog|jam|remove[d]?\s+before|sorted\s+out|mechanical\s+sorting|sorting\s+facility)\b | (voorbehandeling|esik[äa]sittely|murskain|siebung|seulage|tamisage|시설|설비\s*고장|처리시설|분쇄|기계\s*부품|엉킴|纏繞後端處理設施|缠绕后端处理设施),No category-specific exclude regex.,INCLUDE: \b(pre[- ]?treatment|screening|screened\s+out|front[- ]?end|sorting\s+plant|shredder|sieve|sieving|pulper|separator|machine|pump|pipe|clog|jam|remove[d]?\s+before|sorted\s+out|mechanical\s+sorting|sorting\s+facility)\b | (voorbehandeling|esik[äa]sittely|murskain|siebung|seulage|tamisage|시설|설비\s*고장|처리시설|분쇄|기계\s*부품|엉킴|纏繞後端處理設施|缠绕后端处理设施) ; EXCLUDE: No category-specific exclude regex.,regex_include_exclude,Priority 4; exclusions are evaluated before inclusion for this category.
Source-level indicator,Rejection Rationale,Why are compostable packaging/items rejected or restricted?,Compost/digestate quality or contamination concern,"Concern about compost/digestate quality, contamination, microplastics, residues, or chemical/additive contamination.","compost/digestate quality, soil contamination, visual contamination, agricultural use concern",equipment disruption without quality/digestate/soil concern,\b(compost\s+quality|digestate\s+quality|microplastic|microplastics|contamination|contaminant|foreign\s+matter|residue|pollutant|clean\s+compost|soil|agricultural\s+use|quality\s+standard|fertiliser|fertilizer|impurity|physical\s+contamination|quality\s+control|nutrient|nutritional\s+value|soil\s+amendment)\b | \b(pfas|additive|chemical|toxic|toxicity|heavy\s+metal|fluorinated|substance|contaminant\s+chemicals?|harmful\s+substances?)\b | (mikroplastik|fremdstoff|st[öo]rstoff|vervuiling|verontreiniging|schone\s+compost|kwaliteit|schadelijke\s+stoffen|compostkwaliteit|bodem|meststof|fertilisant|engrais|qualit[ée]|inquinant|퇴비|비료|품질),No category-specific exclude regex.,INCLUDE: \b(compost\s+quality|digestate\s+quality|microplastic|microplastics|contamination|contaminant|foreign\s+matter|residue|pollutant|clean\s+compost|soil|agricultural\s+use|quality\s+standard|fertiliser|fertilizer|impurity|physical\s+contamination|quality\s+control|nutrient|nutritional\s+value|soil\s+amendment)\b | \b(pfas|additive|chemical|toxic|toxicity|heavy\s+metal|fluorinated|substance|contaminant\s+chemicals?|harmful\s+substances?)\b | (mikroplastik|fremdstoff|st[öo]rstoff|vervuiling|verontreiniging|schone\s+compost|kwaliteit|schadelijke\s+stoffen|compostkwaliteit|bodem|meststof|fertilisant|engrais|qualit[ée]|inquinant|퇴비|비료|품질) ; EXCLUDE: No category-specific exclude regex.,regex_include_exclude,Priority 5; exclusions are evaluated before inclusion for this category.
Source-level indicator,Rejection Rationale,Why are compostable packaging/items rejected or restricted?,Explicit no-packaging / positive-list restriction,"Rejection or restriction follows from a legal rule, positive list, named-item rule, or explicit no-packaging rule.","explicit no-packaging rule, positive-list restriction, or named-item/legal exclusion",facility-process rejection without legal/list/no-packaging cue,"\b(positive\s+list|approved\s+(product|item|list)|accepted\s+product\s+list|whitelist|named\s+items?|specific(?:ally)?\s+approved|only\s+(listed|named|specified|approved)|not\s+on\s+the\s+list|non\s+list[ée]s?)\b | \b(only|solo|seulement|nur|alleen)\b.{0,120}\b(approved|listed|named|specific|official|designated|autoris[ée]s?|zugelassen|goedgekeurd) | \b(law|regulation|ordinance|decree|directive|bylaw|statute|permitted\s+items\s+only|not\s+on\s+the\s+list|not\s+listed)\b.{0,180}\b(compostable|biodegradable|packaging|plastic|bag|liner|item|product) | \b(no|not|without|remove|separate(d)?\s+from|must\s+be\s+separated\s+from)\b.{0,90}\b(packaging|package|container|wrapping|envase|embalaje|emballage|verpakking|förpackning|forpakning|pakend)\b",No category-specific exclude regex.,"INCLUDE: \b(positive\s+list|approved\s+(product|item|list)|accepted\s+product\s+list|whitelist|named\s+items?|specific(?:ally)?\s+approved|only\s+(listed|named|specified|approved)|not\s+on\s+the\s+list|non\s+list[ée]s?)\b | \b(only|solo|seulement|nur|alleen)\b.{0,120}\b(approved|listed|named|specific|official|designated|autoris[ée]s?|zugelassen|goedgekeurd) | \b(law|regulation|ordinance|decree|directive|bylaw|statute|permitted\s+items\s+only|not\s+on\s+the\s+list|not\s+listed)\b.{0,180}\b(compostable|biodegradable|packaging|plastic|bag|liner|item|product) | \b(no|not|without|remove|separate(d)?\s+from|must\s+be\s+separated\s+from)\b.{0,90}\b(packaging|package|container|wrapping|envase|embalaje|emballage|verpakking|förpackning|forpakning|pakend)\b ; EXCLUDE: No category-specific exclude regex.",regex_include_exclude,Priority 8; exclusions are evaluated before inclusion for this category.
Source-level indicator,Rejection Rationale,Why are compostable packaging/items rejected or restricted?,Reason not explicitly stated,"The source rejects or restricts items, but no specific rationale is detected.",rejection detected but no specific mechanism stated,a specific rationale cue is detected,No direct include regex: category is assigned by fallback/default or derived mapping.,No category-specific exclude regex.,INCLUDE: No direct include regex: category is assigned by fallback/default or derived mapping. ; EXCLUDE: No category-specific exclude regex.,fallback_default,Priority 9; exclusions are evaluated before inclusion for this category.
Source-level indicator,Rejection Rationale,Why are compostable packaging/items rejected or restricted?,Not applicable - not a rejection/restriction case,The source is not coded as rejecting or restricting compostable packaging/items.,source does not reject or restrict compostable packaging/items,source is coded as rejected/restricted with a rationale,No direct include regex: category is assigned by fallback/default or derived mapping.,No category-specific exclude regex.,INCLUDE: No direct include regex: category is assigned by fallback/default or derived mapping. ; EXCLUDE: No category-specific exclude regex.,derived_from_acceptance,Priority 10; exclusions are evaluated before inclusion for this category.
Application-level indicator,Application Group,Which product/application group does the evidence refer to?,Food-waste liners / collection bags,"Bags or liners used to collect food waste, biowaste, or kitchen/caddy organics.","caddy liner, food-waste bag, biobag, collection liner, biojätepussi",carrier/produce bags unless linked to food-waste collection; general packaging,"\b(caddy\s*liner|kitchen\s*caddy|food[- ]?waste\s*(bag|liner)|bio\s*bag|biobag|compostable\s*(bag|liner)|green\s*bag|brown\s*bag|collection\s*(bag|liner)|organic\s*waste\s*bag|organics\s*bag|biowaste\s*bag|food\s*scraps?\s*bag)s?\b | \b(sac[s]?\s+(compostable|biod[ée]gradable)|sacco\s+compostabile|sacchetti\s+compostabil\w*|bolsa\s+compostable|bolsas\s+compostables|sacos?\s+compost[áa]veis|kompostierbare?\w*\s+(beutel|t[üu]ten|biobeutel)|composteerbare?\w*\s+(zak|zakken|zakjes)|biozak\w*|bioposer|matavfallsp[åa]sar|bioavfallsp[åa]sar|bioj[äa]tepussi|vre[čc]ke|worki|s[áa][čc]ky)\b | (生ごみ|厨余|廚餘|餐厨|음식물쓰레기|음식물류).{0,80}(袋|봉투|专用袋|專用袋|専用袋|전용봉투) | \b(food[- ]?waste|kitchen|caddy|organics?|organic[- ]?waste|bio[- ]?waste)\s+(caddy\s+)?(bag|liner|sack)s?\b.{0,140}\b(can|may|must|should|accepted|allowed|permitted|collected|used|use)\b",\b(produce\s*bag|fruit\s*(and|&|/)\s*vegetable\s*bag|shopping\s*bag|carrier\s*bag|checkout\s*bag|retail\s*bag),"INCLUDE: \b(caddy\s*liner|kitchen\s*caddy|food[- ]?waste\s*(bag|liner)|bio\s*bag|biobag|compostable\s*(bag|liner)|green\s*bag|brown\s*bag|collection\s*(bag|liner)|organic\s*waste\s*bag|organics\s*bag|biowaste\s*bag|food\s*scraps?\s*bag)s?\b | \b(sac[s]?\s+(compostable|biod[ée]gradable)|sacco\s+compostabile|sacchetti\s+compostabil\w*|bolsa\s+compostable|bolsas\s+compostables|sacos?\s+compost[áa]veis|kompostierbare?\w*\s+(beutel|t[üu]ten|biobeutel)|composteerbare?\w*\s+(zak|zakken|zakjes)|biozak\w*|bioposer|matavfallsp[åa]sar|bioavfallsp[åa]sar|bioj[äa]tepussi|vre[čc]ke|worki|s[áa][čc]ky)\b | (生ごみ|厨余|廚餘|餐厨|음식물쓰레기|음식물류).{0,80}(袋|봉투|专用袋|專用袋|専用袋|전용봉투) | \b(food[- ]?waste|kitchen|caddy|organics?|organic[- ]?waste|bio[- ]?waste)\s+(caddy\s+)?(bag|liner|sack)s?\b.{0,140}\b(can|may|must|should|accepted|allowed|permitted|collected|used|use)\b ; EXCLUDE: \b(produce\s*bag|fruit\s*(and|&|/)\s*vegetable\s*bag|shopping\s*bag|carrier\s*bag|checkout\s*bag|retail\s*bag)",regex_include_exclude,Priority 1; exclusions are evaluated before inclusion for this category.
Application-level indicator,Application Group,Which product/application group does the evidence refer to?,Food-service ware / takeaway packaging,"Food-service ware / takeaway packaging and serviceware such as cups, plates, bowls, trays, cutlery, containers, takeaway items, and event/venue serviceware.","compostable cups, plates, bowls, trays, cutlery, food-service containers","tea/coffee preparation items, liners, generic packaging without food-service item cue","\b(food[- ]?service|serviceware|take[- ]?away|takeout|to[- ]?go|catering|event|festival|venue|closed[- ]?loop)\b | \b(cup|plate|bowl|tray|container|cutlery|fork|spoon|knife|straw|lid|stoviglie|posate|bicchieri|piatti|contenitori|kahvimuki|kertak[äa]ytt[öo]astia|vaisselle|gobelets?|assiettes?|couverts?|vasos?|platos?|cubiertos?)\w*\b.{0,140}\b(compostable|biodegradable|compostabil|biodegradabil|organic|umido|compost|biohajoava|kompostoituva) | \b(compostable|biodegradable|compostabil|biohajoava|kompostoituva)\b.{0,140}\b(cup|plate|bowl|tray|container|cutlery|fork|spoon|knife|straw|lid|serviceware|takeaway|vaisselle|gobelets?|assiettes?|couverts?)",\bcoffee\s+(filter|pod|capsule)|tea\s*bag|teabag\b,"INCLUDE: \b(food[- ]?service|serviceware|take[- ]?away|takeout|to[- ]?go|catering|event|festival|venue|closed[- ]?loop)\b | \b(cup|plate|bowl|tray|container|cutlery|fork|spoon|knife|straw|lid|stoviglie|posate|bicchieri|piatti|contenitori|kahvimuki|kertak[äa]ytt[öo]astia|vaisselle|gobelets?|assiettes?|couverts?|vasos?|platos?|cubiertos?)\w*\b.{0,140}\b(compostable|biodegradable|compostabil|biodegradabil|organic|umido|compost|biohajoava|kompostoituva) | \b(compostable|biodegradable|compostabil|biohajoava|kompostoituva)\b.{0,140}\b(cup|plate|bowl|tray|container|cutlery|fork|spoon|knife|straw|lid|serviceware|takeaway|vaisselle|gobelets?|assiettes?|couverts?) ; EXCLUDE: \bcoffee\s+(filter|pod|capsule)|tea\s*bag|teabag\b",regex_include_exclude,Priority 2; exclusions are evaluated before inclusion for this category.
Application-level indicator,Application Group,Which product/application group does the evidence refer to?,Tea/coffee preparation items,"Tea bags, coffee filters, coffee pods/capsules, and related beverage-preparation items.","tea bags, coffee filters, coffee pods/capsules",generic cups or containers not used for tea/coffee preparation,\b(tea\s*bag|teabag|coffee\s*filter|coffee\s*(pod|capsule)|k[- ]?cup|espresso\s*capsule|teebeutel|kaffeefilter|theezakjes?|koffiefilters?|sachet[s]?\s+de\s+th[ée]|filtre[s]?\s+.*caf[ée]|capsule[s]?\s+de\s+caf[ée])s?\b,No category-specific exclude regex.,INCLUDE: \b(tea\s*bag|teabag|coffee\s*filter|coffee\s*(pod|capsule)|k[- ]?cup|espresso\s*capsule|teebeutel|kaffeefilter|theezakjes?|koffiefilters?|sachet[s]?\s+de\s+th[ée]|filtre[s]?\s+.*caf[ée]|capsule[s]?\s+de\s+caf[ée])s?\b ; EXCLUDE: No category-specific exclude regex.,regex_include_exclude,Priority 3; exclusions are evaluated before inclusion for this category.
Application-level indicator,Application Group,Which product/application group does the evidence refer to?,Food-soiled paper / fibre packaging,"Food-soiled or uncoated paper/fibre packaging and paper items, e.g. pizza boxes, napkins, paper towels, paper bags, and fibre food packaging.","pizza boxes, napkins, paper towels, soiled paper/cardboard, fibre food packaging","research papers, source documents, generic paper/cardboard recycling instructions","\b(food[- ]?soiled|soiled|greasy)\s+(paper|cardboard|fibre|fiber|napkin|paper\s*towel|pizza\s*box|paper\s*bag|food\s*wrapper|takeout\s*container)s?\b | \b(napkin|paper\s*towel|pizza\s*box|paper\s*bag|cardboard|kitchen\s*towel|keukenpapier|talouspaperi|lautasliinat|k[üu]chenpapier|paper\s+napkin|carton|serviette)s?\b.{0,140}\b(compost|organic|food waste|biowaste|biotonne|gft|bioj[äa]te|brown\s+bin)\b",\b(pdf|document|paperwork|newspaper\s+article|webpage|paper\s+published|research\s+paper)\b,"INCLUDE: \b(food[- ]?soiled|soiled|greasy)\s+(paper|cardboard|fibre|fiber|napkin|paper\s*towel|pizza\s*box|paper\s*bag|food\s*wrapper|takeout\s*container)s?\b | \b(napkin|paper\s*towel|pizza\s*box|paper\s*bag|cardboard|kitchen\s*towel|keukenpapier|talouspaperi|lautasliinat|k[üu]chenpapier|paper\s+napkin|carton|serviette)s?\b.{0,140}\b(compost|organic|food waste|biowaste|biotonne|gft|bioj[äa]te|brown\s+bin)\b ; EXCLUDE: \b(pdf|document|paperwork|newspaper\s+article|webpage|paper\s+published|research\s+paper)\b",regex_include_exclude,Priority 4; exclusions are evaluated before inclusion for this category.
Application-level indicator,Application Group,Which product/application group does the evidence refer to?,Shopping/produce bags,"Produce, carrier, shopping, checkout, or very-lightweight bags discussed as packaging rather than food-waste collection liners.","produce bags, fruit/vegetable bags, carrier/shopping/checkout bags",food-waste caddy liners or official collection bags,\b(produce\s*bag|fruit\s*(and|&|/)\s*vegetable\s*bag|vegetable\s*bag|carrier\s*bag|shopping\s*bag|checkout\s*bag|very\s*lightweight\s*plastic\s*bag|retail\s*bag|sacchetti\s+per\s+frutta\s+e\s+verdura|shopper)s?\b,\b(food[- ]?waste|organic\s*waste|biowaste|caddy|collection)\s+(bag|liner),INCLUDE: \b(produce\s*bag|fruit\s*(and|&|/)\s*vegetable\s*bag|vegetable\s*bag|carrier\s*bag|shopping\s*bag|checkout\s*bag|very\s*lightweight\s*plastic\s*bag|retail\s*bag|sacchetti\s+per\s+frutta\s+e\s+verdura|shopper)s?\b ; EXCLUDE: \b(food[- ]?waste|organic\s*waste|biowaste|caddy|collection)\s+(bag|liner),regex_include_exclude,Priority 5; exclusions are evaluated before inclusion for this category.
Application-level indicator,Application Group,Which product/application group does the evidence refer to?,Flexible films/wraps/pouches,"Flexible packaging such as films, wraps, wrappers, pouches, mailers, garment bags, and related flexible plastic-like packaging.","compostable film, wrap, pouch, mailer, garment bag, protective film","paper bags, rigid containers, generic packaging without film/wrap/pouch cue","\b(mailer|postal\s*bag|e[- ]?commerce\s*packaging|garment\s*bag|poly\s*bag|protective\s*film|stretch\s*film|shrink\s*film|wrapper|wrap|pouch|pouches|wikkels|films?|folien|buste)\w*\b.{0,160}\b(compostable|biodegradable|bioplastic|compostabil|biodegradabil|organic waste|compost|brown\s+bin|green\s+cart) | \b(compostable|biodegradable|bioplastic|compostabil|biodegradabil)\w*\b.{0,160}\b(film|wrap|wrapper|pouch|mailer|poly\s*bag|garment\s*bag|shopping\s*bag|carrier\s*bag)",No category-specific exclude regex.,"INCLUDE: \b(mailer|postal\s*bag|e[- ]?commerce\s*packaging|garment\s*bag|poly\s*bag|protective\s*film|stretch\s*film|shrink\s*film|wrapper|wrap|pouch|pouches|wikkels|films?|folien|buste)\w*\b.{0,160}\b(compostable|biodegradable|bioplastic|compostabil|biodegradabil|organic waste|compost|brown\s+bin|green\s+cart) | \b(compostable|biodegradable|bioplastic|compostabil|biodegradabil)\w*\b.{0,160}\b(film|wrap|wrapper|pouch|mailer|poly\s*bag|garment\s*bag|shopping\s*bag|carrier\s*bag) ; EXCLUDE: No category-specific exclude regex.",regex_include_exclude,Priority 6; exclusions are evaluated before inclusion for this category.
Application-level indicator,Application Group,Which product/application group does the evidence refer to?,Generic compostable packaging / plastics,"Generic compostable/biodegradable packaging, plastics, or products where no more specific recurring application group is detected.",generic compostable packaging/products/plastics without a more specific recurring application group,more specific recurring application group already detected,"\b(compostable|biodegradable|industrially\s+compostable|certified\s+compostable|bioplastic|bio[- ]?plastic|bioplastics|composteerbaar\w*|kompostierbar\w*|compostabil\w*|biod[ée]gradable\w*|biohajoava|kompostoituva|biolagunev\w*|kompostitav\w*|biolo[šs]ko\s+razgradljiv\w*|kompostowaln\w*|biodegradowaln\w*)\b.{0,140}\b(packaging|plastic|plastics|product|products|material|materials|item|items|verpackungen|kunststoff|emballage|embalagem|imballagg|envase|verpakking|pakend|pakkauks|opakowania|embala[žz]a|obaly|muovi|pakkauks|label|sticker)\w* | (可堆肥|可生物降解|可降解|生分解|생분해).{0,80}(包装|包裝|塑料|塑膠|플라스틱|비닐|容器)",No category-specific exclude regex.,"INCLUDE: \b(compostable|biodegradable|industrially\s+compostable|certified\s+compostable|bioplastic|bio[- ]?plastic|bioplastics|composteerbaar\w*|kompostierbar\w*|compostabil\w*|biod[ée]gradable\w*|biohajoava|kompostoituva|biolagunev\w*|kompostitav\w*|biolo[šs]ko\s+razgradljiv\w*|kompostowaln\w*|biodegradowaln\w*)\b.{0,140}\b(packaging|plastic|plastics|product|products|material|materials|item|items|verpackungen|kunststoff|emballage|embalagem|imballagg|envase|verpakking|pakend|pakkauks|opakowania|embala[žz]a|obaly|muovi|pakkauks|label|sticker)\w* | (可堆肥|可生物降解|可降解|生分解|생분해).{0,80}(包装|包裝|塑料|塑膠|플라스틱|비닐|容器) ; EXCLUDE: No category-specific exclude regex.",regex_include_exclude,Priority 7; exclusions are evaluated before inclusion for this category.
Application-level indicator,Application Decision,What is the four-category application-level compatibility decision before scenario conversion?,Accepted,"The application is accepted in the ordinary organics route. A named certification, label, or generic compostability requirement may still apply, but this is treated as product qualification rather than a scenario-level operational restriction.","application is accepted in the ordinary organics route; named certification or generic compostability is product qualification, not a scenario restriction","operationally restricted acceptance, rejected, or unclear application decisions","Not regex-coded directly; derived from Acceptance, conditional-acceptance cue, Certification and Approval Basis, and Application Group.",Not regex-coded directly; excluded by the derived decision mapping.,Rule mapping from Acceptance + conditional-acceptance cue + Certification and Approval Basis + Application Group; see decision_basis in Application_Decisions.,derived_mapping,Priority/mapping class 1; application-specific rejection and operational restrictions are applied before ordinary acceptance.
Application-level indicator,Application Decision,What is the four-category application-level compatibility decision before scenario conversion?,Accepted with conditions,"The application is accepted only under an operational/product restriction beyond ordinary certification: official/designated item, local/facility approval, positive-list inclusion, event/commercial/dedicated route, or another controlled-route condition.","application is accepted only under an operational/product restriction: official/designated item, local/facility approval, positive-list inclusion, event/commercial/dedicated route, or other controlled route","ordinary acceptance based only on certification/product qualification, outright rejection, or unclear evidence","Not regex-coded directly; derived from Acceptance, conditional-acceptance cue, Certification and Approval Basis, and Application Group.",Not regex-coded directly; excluded by the derived decision mapping.,Rule mapping from Acceptance + conditional-acceptance cue + Certification and Approval Basis + Application Group; see decision_basis in Application_Decisions.,derived_mapping,Priority/mapping class 2; application-specific rejection and operational restrictions are applied before ordinary acceptance.
Application-level indicator,Application Decision,What is the four-category application-level compatibility decision before scenario conversion?,Rejected,"The application is explicitly rejected from the organics route, treated as contamination/residual waste, has no accepted organic route, or is outside the scope of a liner-only/positive-list rule.","application is rejected, treated as contamination/residual waste, has no accepted route, or is outside a liner/listed-item rule",accepted/conditional applications or unclear cases,"Not regex-coded directly; derived from Acceptance, conditional-acceptance cue, Certification and Approval Basis, and Application Group.",Not regex-coded directly; excluded by the derived decision mapping.,Rule mapping from Acceptance + conditional-acceptance cue + Certification and Approval Basis + Application Group; see decision_basis in Application_Decisions.,derived_mapping,Priority/mapping class 3; application-specific rejection and operational restrictions are applied before ordinary acceptance.
Application-level indicator,Application Decision,What is the four-category application-level compatibility decision before scenario conversion?,Unclear or not stated,"The application is mentioned, but the source does not provide enough application-specific evidence to classify it as accepted, conditionally accepted, or rejected.",application is mentioned but no explicit application-level acceptance/rejection decision can be assigned,"explicit accepted, conditional, or rejected applications","Not regex-coded directly; derived from Acceptance, conditional-acceptance cue, Certification and Approval Basis, and Application Group.",Not regex-coded directly; excluded by the derived decision mapping.,Rule mapping from Acceptance + conditional-acceptance cue + Certification and Approval Basis + Application Group; see decision_basis in Application_Decisions.,derived_mapping,Priority/mapping class 4; application-specific rejection and operational restrictions are applied before ordinary acceptance.
Derived certification indicator,Certification Sufficiency,"Among application records from sources that mention a certification, standard, or official approval basis, does certification correspond to acceptance, conditional acceptance, rejection, or uncertainty?",Certification accepted,"The source-level Certification and Approval Basis is a certification, standard, or official approval category, and the source × application-group record is coded Accepted.",certification-relevant basis + Application Decision = Accepted,"certification-relevant records with conditional, rejected, or unclear application decisions; generic/no-standard records",No direct include regex. First filter to certification-relevant Certification and Approval Basis categories: EN 13432 / OK compost / Seedling; Government/programme approval; BPI / ASTM / CMA; OK compost HOME / NF T 51-800 / AS 5810; Country-specific standards/certifications (BNQ / AS 4736 / DINplus). Then map Application Decision.,Generic compostable/biodegradable wording only and No named standard/approval stated are excluded before Certification Sufficiency is derived.,Derived mapping implemented in certification_sufficiency_status(): Accepted => Certification accepted; Accepted with conditions => Certification conditionally accepted; Rejected => Certification rejected; Unclear or not stated => Certification unclear or not stated. Mapping is applied only after filtering to certification-relevant Certification and Approval Basis categories.,derived_mapping_after_denominator_filter,Mapping class 1; derived after source-level Certification and Approval Basis and source × application-group Application Decision coding. Denominator is certification-relevant source × application-group records only.
Derived certification indicator,Certification Sufficiency,"Among application records from sources that mention a certification, standard, or official approval basis, does certification correspond to acceptance, conditional acceptance, rejection, or uncertainty?",Certification conditionally accepted,"The source-level Certification and Approval Basis is a certification, standard, or official approval category, and the source × application-group record is coded Accepted with conditions. Certification is relevant, but additional operational gatekeeping remains.",certification-relevant basis + Application Decision = Accepted with conditions,"certification-relevant records with accepted, rejected, or unclear application decisions; generic/no-standard records",No direct include regex. First filter to certification-relevant Certification and Approval Basis categories: EN 13432 / OK compost / Seedling; Government/programme approval; BPI / ASTM / CMA; OK compost HOME / NF T 51-800 / AS 5810; Country-specific standards/certifications (BNQ / AS 4736 / DINplus). Then map Application Decision.,Generic compostable/biodegradable wording only and No named standard/approval stated are excluded before Certification Sufficiency is derived.,Derived mapping implemented in certification_sufficiency_status(): Accepted => Certification accepted; Accepted with conditions => Certification conditionally accepted; Rejected => Certification rejected; Unclear or not stated => Certification unclear or not stated. Mapping is applied only after filtering to certification-relevant Certification and Approval Basis categories.,derived_mapping_after_denominator_filter,Mapping class 2; derived after source-level Certification and Approval Basis and source × application-group Application Decision coding. Denominator is certification-relevant source × application-group records only.
Derived certification indicator,Certification Sufficiency,"Among application records from sources that mention a certification, standard, or official approval basis, does certification correspond to acceptance, conditional acceptance, rejection, or uncertainty?",Certification rejected,"The source-level Certification and Approval Basis is a certification, standard, or official approval category, but the source × application-group record is coded Rejected.",certification-relevant basis + Application Decision = Rejected,"certification-relevant records with accepted, conditionally accepted, or unclear application decisions; generic/no-standard records",No direct include regex. First filter to certification-relevant Certification and Approval Basis categories: EN 13432 / OK compost / Seedling; Government/programme approval; BPI / ASTM / CMA; OK compost HOME / NF T 51-800 / AS 5810; Country-specific standards/certifications (BNQ / AS 4736 / DINplus). Then map Application Decision.,Generic compostable/biodegradable wording only and No named standard/approval stated are excluded before Certification Sufficiency is derived.,Derived mapping implemented in certification_sufficiency_status(): Accepted => Certification accepted; Accepted with conditions => Certification conditionally accepted; Rejected => Certification rejected; Unclear or not stated => Certification unclear or not stated. Mapping is applied only after filtering to certification-relevant Certification and Approval Basis categories.,derived_mapping_after_denominator_filter,Mapping class 3; derived after source-level Certification and Approval Basis and source × application-group Application Decision coding. Denominator is certification-relevant source × application-group records only.
Derived certification indicator,Certification Sufficiency,"Among application records from sources that mention a certification, standard, or official approval basis, does certification correspond to acceptance, conditional acceptance, rejection, or uncertainty?",Certification unclear or not stated,"The source-level Certification and Approval Basis is a certification, standard, or official approval category, but the source × application-group record is coded Unclear or not stated.",certification-relevant basis + Application Decision = Unclear or not stated,"certification-relevant records with accepted, conditionally accepted, or rejected application decisions; generic/no-standard records",No direct include regex. First filter to certification-relevant Certification and Approval Basis categories: EN 13432 / OK compost / Seedling; Government/programme approval; BPI / ASTM / CMA; OK compost HOME / NF T 51-800 / AS 5810; Country-specific standards/certifications (BNQ / AS 4736 / DINplus). Then map Application Decision.,Generic compostable/biodegradable wording only and No named standard/approval stated are excluded before Certification Sufficiency is derived.,Derived mapping implemented in certification_sufficiency_status(): Accepted => Certification accepted; Accepted with conditions => Certification conditionally accepted; Rejected => Certification rejected; Unclear or not stated => Certification unclear or not stated. Mapping is applied only after filtering to certification-relevant Certification and Approval Basis categories.,derived_mapping_after_denominator_filter,Mapping class 4; derived after source-level Certification and Approval Basis and source × application-group Application Decision coding. Denominator is certification-relevant source × application-group records only.
Application-level scenario,Application-level Compatibility Scenario,How are four-category application decisions converted into compatibility shares?,Lower-bound compatible share,Accepted = compatible; Accepted with conditions = incompatible; Rejected = incompatible; Unclear/not stated excluded from denominator.,only clearly accepted application decisions count as compatible,conditional/unclear decisions are not counted compatible in this scenario,Accepted = compatible; Accepted with conditions = incompatible; Rejected = incompatible; Unclear/not stated excluded from denominator.,Scenario-incompatible decisions are stated in the mapping rule.,Accepted = compatible; Accepted with conditions = incompatible; Rejected = incompatible; Unclear/not stated excluded from denominator.,derived_mapping,Scenario mapping; not directly regex-coded.
Application-level scenario,Application-level Compatibility Scenario,How are four-category application decisions converted into compatibility shares?,Central compatible share,Accepted and Accepted with conditions = compatible; Rejected = incompatible; Unclear/not stated excluded from denominator.,accepted and accepted-with-conditions count as compatible,unclear/not stated is excluded from denominator,Accepted and Accepted with conditions = compatible; Rejected = incompatible; Unclear/not stated excluded from denominator.,Scenario-incompatible decisions are stated in the mapping rule.,Accepted and Accepted with conditions = compatible; Rejected = incompatible; Unclear/not stated excluded from denominator.,derived_mapping,Scenario mapping; not directly regex-coded.
Application-level scenario,Application-level Compatibility Scenario,How are four-category application decisions converted into compatibility shares?,Upper-bound compatible share,"Accepted, Accepted with conditions, and Unclear/not stated = compatible; Rejected = incompatible.","accepted, conditional, and unclear/not-stated count as compatible; rejected remains incompatible",rejected decisions are never counted compatible,"Accepted, Accepted with conditions, and Unclear/not stated = compatible; Rejected = incompatible.",Scenario-incompatible decisions are stated in the mapping rule.,"Accepted, Accepted with conditions, and Unclear/not stated = compatible; Rejected = incompatible.",derived_mapping,Scenario mapping; not directly regex-coded.
Source-level sensitivity,Source-level Sensitivity Group,Do source-level results differ by source level?,National/supranational sources,National rule or policy + Supranational framework.,national rule or policy; supranational framework,municipal/operator/regional operational sources,National rule or policy + Supranational framework.,Other source-authority groups are excluded.,National rule or policy + Supranational framework.,derived_from_source_authority,Derived after Source Authority coding; not independently text-coded.
Source-level sensitivity,Source-level Sensitivity Group,Do source-level results differ by source level?,Sources below national level,Municipal sorting rule + waste operator/facility rule + state/provincial/regional/canton rule + intermunicipal/regional waste authority.,"municipal, operator/facility, state/regional/canton, intermunicipal/regional waste authority",national/supranational sources,Municipal sorting rule + waste operator/facility rule + state/provincial/regional/canton rule + intermunicipal/regional waste authority.,Other source-authority groups are excluded.,Municipal sorting rule + waste operator/facility rule + state/provincial/regional/canton rule + intermunicipal/regional waste authority.,derived_from_source_authority,Derived after Source Authority coding; not independently text-coded.
