citation_id,country_or_region,subnational_or_context,source_label,source_title,source_url,Source Authority,Stated Organic-waste Treatment Route,Treatment Route Coding Note,Acceptance,Certification and Approval Basis,Rejection Rationale,Application Groups Detected,Source-level Sensitivity Group
[1],Germany,National / local practice varies,Germany - National / local practice varies - BioAbfV + surveyed municipal practice,Verordnung über die Verwertung von Bioabfällen auf Böden,https://www.gesetze-im-internet.de/bioabfv/BJNR295500998.html,National rule or policy,Composting,Named downstream treatment route detected,Rejected,EN 13432 / OK compost / Seedling,Compost/digestate quality or contamination concern,Organic-waste system context only,National/supranational sources
[2],Germany,Berlin,Germany - Berlin - BSR / Berliner Stadtreinigung waste-company guidance,Biogut: Abfall mit Mehrfach-Nutzen,https://www.bsr.de/biogut,Waste operator or treatment-facility rule,AD/biogas + composting,Named downstream treatment route detected,Rejected,No named standard/approval stated,Compost/digestate quality or contamination concern,Tea/coffee preparation items,Sources below national level
[3],Germany,Munich,Germany - Munich - AWM München / municipal sorting rule,Menü,https://www.awm-muenchen.de/abfall-entsorgen/abfalllexikon/detailansicht-lexikoneintrag/bioabfall,Municipal sorting rule,Treatment route not stated,Collection/bin route stated only; downstream treatment technology not stated,Rejected,Generic compostable/biodegradable wording only,Reason not explicitly stated,Food-waste liners / collection bags,Sources below national level
[4],Germany,Hamburg,Germany - Hamburg - Stadtreinigung Hamburg / Wirfuerbio guidance,Facebook,https://www.wirfuerbio.de/srh/,Waste operator or treatment-facility rule,AD/biogas + composting,Named downstream treatment route detected,Rejected,Generic compostable/biodegradable wording only,Slow degradation / residence-time mismatch,Food-waste liners / collection bags,Sources below national level
[5],Germany,Kitzingen district,Germany - Kitzingen district - Landratsamt Kitzingen / regional government guidance,Landratsamt Kitzingen,https://www.abfallwelt.de/abfaelle/kompostierbare-biomuellbeutel/,"State, provincial, regional, or canton rule",Treatment route not stated,Collection/bin route stated only; downstream treatment technology not stated,Rejected,Generic compostable/biodegradable wording only,Compost/digestate quality or contamination concern,Generic compostable packaging / plastics,Sources below national level
[6],Germany,Landkreis Karlsruhe,Germany - Landkreis Karlsruhe - Abfallwirtschaftsbetrieb Landkreis Karlsruhe / waste-company guidance,Biobeutel | AWB LK KA | AWB LK KA,https://www.awb-landkreis-karlsruhe.de/abfallwirtschaftsbetrieb/abfallverwertung/bioabfall/biobeutel,Waste operator or treatment-facility rule,Treatment route not stated,Collection/bin route stated only; downstream treatment technology not stated,Collection liners only,EN 13432 / OK compost / Seedling,Compost/digestate quality or contamination concern,Organic-waste system context only,Sources below national level
[7],Germany,Bamberg,Germany - Bamberg - Stadt Bamberg / Biomüll municipal sorting rule,Untermenü,https://www.stadt.bamberg.de/index.php?La=1&mNavID=1829.6&sNavID=1829.450,Municipal sorting rule,Treatment route not stated,Collection/bin route stated only; downstream treatment technology not stated,Rejected,Generic compostable/biodegradable wording only,Compost/digestate quality or contamination concern,Generic compostable packaging / plastics,Sources below national level
[8],Germany,Cologne / Köln,Germany - Cologne / Köln - AWB Köln / AVG Niehl Composting Facility / waste-company guidance,Zum Inhalt der Seite springen.,https://www.awbkoeln.de/biotonne-fuer-uns,Waste operator or treatment-facility rule,Composting,Named downstream treatment route detected,Rejected,Generic compostable/biodegradable wording only,Compost/digestate quality or contamination concern,Organic-waste system context only,Sources below national level
[9],Netherlands,National,Netherlands - National - Milieu Centraal / government-backed sorting guidance,You are here:,https://www.milieucentraal.nl/minder-afval/afval-scheiden/welk-afval-waar/,National rule or policy,Treatment route not stated,Collection/bin route stated only; downstream treatment technology not stated,Rejected,No named standard/approval stated,Reason not explicitly stated,Tea/coffee preparation items,National/supranational sources
[10],Netherlands,HVC service area,Netherlands - HVC service area - HVC / waste-management company guidance,Schoon gft-afval = schoon compost,https://www.hvcgroep.nl/ons-verhaal/nieuws/gft-en-etensresten-hou-het-schoon,Waste operator or treatment-facility rule,Composting,Named downstream treatment route detected,Collection liners only,EN 13432 / OK compost / Seedling,Slow degradation / residence-time mismatch,Food-waste liners / collection bags; Flexible films/wraps/pouches; Generic compostable packaging / plastics,Sources below national level
[11],Netherlands,Roosendaal / Saver service area,Netherlands - Roosendaal / Saver service area - Saver NV / waste-company guidance,Hoe gebruik ik composteerbare zakjes? | Saver,https://saver.nl/nieuws-gebruik-composteerbare-zakjes,Waste operator or treatment-facility rule,Composting,Named downstream treatment route detected,Collection liners only,Generic compostable/biodegradable wording only,Reason not explicitly stated,Food-waste liners / collection bags; Food-service ware / takeaway packaging,Sources below national level
[12],Netherlands,National,Netherlands - National - VANG-HHA / Rijkswaterstaat-linked guidance / national government guidance,--- Page 1 ---,https://vang-hha.nl/publish/pages/195563/qena-wat-mag-wel-en-niet-in-de-afvalbak-120324.pdf,National rule or policy,AD/biogas + composting,Named downstream treatment route detected,Rejected,EN 13432 / OK compost / Seedling,Compost/digestate quality or contamination concern,Tea/coffee preparation items; Generic compostable packaging / plastics,National/supranational sources
[13],Netherlands,Maashorst,Netherlands - Maashorst - Gemeente Maashorst / municipal sorting rule,Voorlezen,https://www.gemeentemaashorst.nl/inwoners/afval/tips/wat-mag-niet-in-de-gfte-container/,Municipal sorting rule,Composting,Named downstream treatment route detected,Rejected,EN 13432 / OK compost / Seedling,Slow degradation / residence-time mismatch,Food-waste liners / collection bags; Food-service ware / takeaway packaging; Tea/coffee preparation items; Generic compostable packaging / plastics,Sources below national level
[14],Netherlands,Hoeksche Waard / BAR area,Netherlands - Hoeksche Waard / BAR area - RAD / waste-company guidance,Gft,https://www.radbv.nl/gft/,Waste operator or treatment-facility rule,AD/biogas + composting,Named downstream treatment route detected,Rejected,EN 13432 / OK compost / Seedling,Compost/digestate quality or contamination concern,Food-waste liners / collection bags; Tea/coffee preparation items; Food-soiled paper / fibre packaging; Generic compostable packaging / plastics,Sources below national level
[15],Netherlands,Limburg South,Netherlands - Limburg South - RD4 / waste-company guidance,Direct naar de inhoud,https://rd4.nl/biozak,Waste operator or treatment-facility rule,Treatment route not stated,Collection/bin route stated only; downstream treatment technology not stated,Rejected,EN 13432 / OK compost / Seedling,Reason not explicitly stated,Food-waste liners / collection bags,Sources below national level
[16],Netherlands,Rotterdam,Netherlands - Rotterdam - Gemeente Rotterdam / municipal sorting rule,Leestijd: 8 min,https://www.rotterdam.nl/groente-fruit-en-etensresten-en-tuinafval,Municipal sorting rule,AD/biogas + composting,Named downstream treatment route detected,Rejected,EN 13432 / OK compost / Seedling,Compost/digestate quality or contamination concern,Food-service ware / takeaway packaging; Tea/coffee preparation items,Sources below national level
[17],Netherlands,Twente Region,Netherlands - Twente Region - Twente Milieu / waste-company guidance,"Wel/niet lijst voor gft-afval (GFT, GFT-E, GFE)",https://vang-hha.nl/,Waste operator or treatment-facility rule,Composting,Named downstream treatment route detected,Rejected,Generic compostable/biodegradable wording only,Reason not explicitly stated,Tea/coffee preparation items; Food-soiled paper / fibre packaging; Generic compostable packaging / plastics,Sources below national level
[18],Belgium,Flanders,Belgium - Flanders - OVAM / regional government guidance,Bioplastics,https://ovam.vlaanderen.be/bioplastics,"State, provincial, regional, or canton rule",Composting,Named downstream treatment route detected,Rejected,Generic compostable/biodegradable wording only,Reason not explicitly stated,Generic compostable packaging / plastics,Sources below national level
[19],Belgium,Brussels-Capital Region,Belgium - Brussels-Capital Region - Bruxelles-Proprete / municipal sorting rule,Sorting and recycling your waste,https://www.arp-gan.be/en/sorting,Municipal sorting rule,Other organic recovery,Named downstream treatment route detected,Rejected,Government/programme approval,Pre-treatment/screening/equipment constraint,Food-service ware / takeaway packaging; Food-soiled paper / fibre packaging,Sources below national level
[20],France,National,France - National - ADEME / government advisory,Accueil,https://www.ademe.fr/presse/communique-national/avis-de-lademe-les-limites-des-emballages-en-plastique-compostables/,National rule or policy,AD/biogas + composting,Named downstream treatment route detected,Rejected,Generic compostable/biodegradable wording only,AD/biogas incompatibility,Food-service ware / takeaway packaging; Tea/coffee preparation items; Generic compostable packaging / plastics,National/supranational sources
[21],France,Paris,France - Paris - Ville de Paris / municipal sorting rule,Comment trier ses déchets alimentaires à Paris ?,https://www.paris.fr/pages/le-tri-des-dechets-alimentaires-a-paris-24842,Municipal sorting rule,AD/biogas only,Named downstream treatment route detected,Collection liners only,Generic compostable/biodegradable wording only,Compost/digestate quality or contamination concern,Food-waste liners / collection bags; Tea/coffee preparation items,Sources below national level
[22],France,Lyon Metropole,France - Lyon Metropole - Metropole de Lyon / municipal sorting rule,Vos questions sur les bornes à compost,https://www.grandlyon.com/mes-services-au-quotidien/gerer-ses-dechets/utiliser-une-borne-a-compost/vos-questions-sur-les-bornes-a-compost,Municipal sorting rule,Composting,Named downstream treatment route detected,Collection liners only,Generic compostable/biodegradable wording only,Compost/digestate quality or contamination concern,Food-waste liners / collection bags; Food-service ware / takeaway packaging; Tea/coffee preparation items; Food-soiled paper / fibre packaging; Generic compostable packaging / plastics,Sources below national level
[23],Italy,Veneto / Contarina,Italy - Veneto / Contarina - Contarina / waste-management company,SPORTELLO ONLINE,https://contarina.it/impresa/racolta-differenziata/sacchetti-e-imballaggi-in-materiale-compostabile-1,Waste operator or treatment-facility rule,Treatment route not stated,Collection/bin route stated only; downstream treatment technology not stated,Accepted broadly,EN 13432 / OK compost / Seedling,Not applicable - not a rejection/restriction case,Food-waste liners / collection bags; Food-service ware / takeaway packaging; Shopping/produce bags; Generic compostable packaging / plastics,Sources below national level
[24],Italy,National,Italy - National - Italian national bag rules / government-policy evidence,Divieto di commercializzazione dei sacchetti non biodegradabili e compostabili,https://www.comitatoparchi.it/ambiente-ecologia/divieto-di-commercializzazione-dei-sacchetti-non-biodegradabili-e-compostabili/,National rule or policy,AD/biogas + composting,Named downstream treatment route detected,No explicit compostable-packaging rule,EN 13432 / OK compost / Seedling,Not applicable - not a rejection/restriction case,Shopping/produce bags; Generic compostable packaging / plastics,National/supranational sources
[25],Italy,Milan,Italy - Milan - Comune di Milano / municipal policy document,--- Page 1 ---,https://www.comune.milano.it/documents/20118/59850/DELIBERAZIONE+GIUNTA+COMUNALE+N.+_1248_+DEL+26.07.2019.pdf/a8a708b7-0ad4-84d4-10d6-ec9f2ad5542f?version=1.0&t=1757940706037&download=true,Municipal sorting rule,AD/biogas only,Named downstream treatment route detected,Rejected,EN 13432 / OK compost / Seedling,AD/biogas incompatibility,Organic-waste system context only,Sources below national level
[26],Italy,Monza,Italy - Monza - Comune di Monza / MonzaPulita / municipal sorting rule,RISPETTIAMO IL PIANETA,https://www.monzapulita.it/interno.php?id=13,Municipal sorting rule,Treatment route not stated,Collection/bin route stated only; downstream treatment technology not stated,Accepted broadly,EN 13432 / OK compost / Seedling,Not applicable - not a rejection/restriction case,Food-service ware / takeaway packaging; Shopping/produce bags; Generic compostable packaging / plastics,Sources below national level
[27],Italy,Buccinasco,Italy - Buccinasco - Comune di Buccinasco / municipal sorting rule,Eco(R)esistenza,https://www.comune.buccinasco.mi.it/it/page/trasparenza-servizio-gestione-rifiuti,Municipal sorting rule,AD/biogas only,Named downstream treatment route detected,Rejected,Generic compostable/biodegradable wording only,Reason not explicitly stated,Food-waste liners / collection bags; Food-service ware / takeaway packaging; Flexible films/wraps/pouches; Generic compostable packaging / plastics,Sources below national level
[28],Italy,Perugia,Italy - Perugia - Comune di Perugia / GESENU / waste-company guidance,--- Page 1 ---,https://www.gesenu.it/MC-API/Risorse/StreamRisorsa.ashx?guid=d8fcef3f-5545-4da8-af7a-ad2377785c31,Municipal sorting rule,AD/biogas + composting,Named downstream treatment route detected,Rejected,EN 13432 / OK compost / Seedling,AD/biogas incompatibility,Food-service ware / takeaway packaging; Flexible films/wraps/pouches; Generic compostable packaging / plastics,Sources below national level
[29],Italy,Salerno,Italy - Salerno - Salerno Pulita S.p.A. / waste-company guidance,Home,https://www.salernopulita.it/campagna-bioplastica-compostabile/,Waste operator or treatment-facility rule,Treatment route not stated,Collection/bin route stated only; downstream treatment technology not stated,Rejected,EN 13432 / OK compost / Seedling,Reason not explicitly stated,Food-service ware / takeaway packaging; Generic compostable packaging / plastics,Sources below national level
[30],Italy,Borgo Virgilio,Italy - Borgo Virgilio - Comune di Borgo Virgilio / municipal sorting rule,Raccolta Organico -Sacchetti Biodegradabili Compostabili,https://comune.borgovirgilio.mn.it/it/page/raccolta-organico-sacchetti-biodegradabili-compostabili,Municipal sorting rule,Treatment route not stated,Collection/bin route stated only; downstream treatment technology not stated,Collection liners only,EN 13432 / OK compost / Seedling,Reason not explicitly stated,Food-service ware / takeaway packaging; Shopping/produce bags; Flexible films/wraps/pouches; Generic compostable packaging / plastics,Sources below national level
[31],Spain,Madrid,Spain - Madrid - Ayuntamiento de Madrid / municipal FAQ,Volver,https://www.madrid.es/portales/munimadrid/es/Inicio/Medio-ambiente/Recogida-de-residuos/Preguntas-frecuentes-sobre-la-recogida-de-residuos-organicos/?vgnextchannel=f81379ed268fe410VgnVCM1000000b205a0aRCRD&vgnextfmt=default&vgnextoid=28f179e15d7ee510VgnVCM2000001f4a900aRCRD,Municipal sorting rule,Composting,Named downstream treatment route detected,Collection liners only,Generic compostable/biodegradable wording only,Reason not explicitly stated,Food-waste liners / collection bags; Generic compostable packaging / plastics,Sources below national level
[32],Austria,Vienna,Austria - Vienna - Abfallberatung Wien / municipal guidance,Biokunststoffe,https://abfallberatung.wien.gv.at/biokunststoffe/,Municipal sorting rule,Treatment route not stated,No collection-route or downstream-treatment cue detected,Rejected,EN 13432 / OK compost / Seedling,Reason not explicitly stated,Organic-waste system context only,Sources below national level
[33],Austria,Upper Austria / Gmunden,Austria - Upper Austria / Gmunden - Bezirksabfallverband Gmunden / regional rule,Gmunden,https://www.umweltprofis.at/gmunden/aktuelles/nachrichten_detail/n/detail/News/wie_ich_die_biotonne_richtig_befuelle.html,"State, provincial, regional, or canton rule",Treatment route not stated,Collection/bin route stated only; downstream treatment technology not stated,Rejected,EN 13432 / OK compost / Seedling,Reason not explicitly stated,Organic-waste system context only,Sources below national level
[34],Sweden,Stockholm,Sweden - Stockholm - Stockholm Vatten och Avfall / municipal sorting rules,Börjar matavfallspåsarna ta slut?,https://www.stockholmvattenochavfall.se/artiklar-listsida/avfall---sortering-och-atervinning/matavfallspasar/,Municipal sorting rule,Treatment route not stated,Collection/bin route stated only; downstream treatment technology not stated,Collection liners only,No named standard/approval stated,No compatible organic-treatment route,Food-waste liners / collection bags,Sources below national level
[35],Finland,Helsinki region,Finland - Helsinki region - HSY / regional public utility guidance,Biowaste,https://www.hsy.fi/en/waste-and-recycling/waste-guide/sorting/biowaste/,Waste operator or treatment-facility rule,AD/biogas + composting,Named downstream treatment route detected,Collection liners only,Generic compostable/biodegradable wording only,Compost/digestate quality or contamination concern,Food-waste liners / collection bags; Tea/coffee preparation items; Food-soiled paper / fibre packaging; Generic compostable packaging / plastics,Sources below national level
[36],United Kingdom,UK-wide,United Kingdom - UK-wide - WRAP / Recycle Now guidance,18 June 2025,https://www.wrap.ngo/resources/guide/considerations-compostable-plastic-packaging,National rule or policy,Composting,Named downstream treatment route detected,No clear organics route,Generic compostable/biodegradable wording only,No compatible organic-treatment route,Flexible films/wraps/pouches; Generic compostable packaging / plastics,National/supranational sources
[37],United Kingdom,London Borough of Camden,United Kingdom - London Borough of Camden - Camden Council / municipal sorting rule,Recycling your food waste,https://www.camden.gov.uk/recycling-your-food-waste,Municipal sorting rule,Composting,Named downstream treatment route detected,Collection liners only,Generic compostable/biodegradable wording only,No compatible organic-treatment route,Food-waste liners / collection bags; Tea/coffee preparation items; Generic compostable packaging / plastics,Sources below national level
[38],United Kingdom,Manchester,United Kingdom - Manchester - Manchester City Council / municipal sorting rule,"Bins, rubbish and recycling",https://www.manchester.gov.uk/bins-rubbish-and-recycling/blue-bins-bags-and-containers/green-bins-containers-and-boxes,Municipal sorting rule,Treatment route not stated,No collection-route or downstream-treatment cue detected,Collection liners only,Generic compostable/biodegradable wording only,Reason not explicitly stated,Food-waste liners / collection bags; Tea/coffee preparation items,Sources below national level
[39],United Kingdom,England,United Kingdom - England - UK Government / national government guidance,Guidance,https://www.gov.uk/guidance/simpler-recycling-household-recycling-in-england,National rule or policy,Treatment route not stated,No collection-route or downstream-treatment cue detected,Collection liners only,Government/programme approval,No compatible organic-treatment route,Food-waste liners / collection bags; Tea/coffee preparation items; Generic compostable packaging / plastics,National/supranational sources
[40],United Kingdom,East Sussex,United Kingdom - East Sussex - East Sussex County Council / municipal sorting rule,Food waste collections,https://www.eastsussex.gov.uk/rubbish-recycling/food-waste-collections,Municipal sorting rule,Composting,Named downstream treatment route detected,Collection liners only,EN 13432 / OK compost / Seedling,Compost/digestate quality or contamination concern,Food-waste liners / collection bags; Tea/coffee preparation items; Generic compostable packaging / plastics,Sources below national level
[41],United Kingdom,Cornwall,United Kingdom - Cornwall - Cornwall Council / municipal sorting rule,Food waste,https://www.cornwall.gov.uk/rubbish-recycling-and-waste/recycling-and-rubbish-collections/how-to-use-your-new-food-waste-recycling-service/,Municipal sorting rule,Treatment route not stated,No collection-route or downstream-treatment cue detected,Collection liners only,Generic compostable/biodegradable wording only,Compost/digestate quality or contamination concern,Food-waste liners / collection bags; Food-service ware / takeaway packaging,Sources below national level
[42],United Kingdom,Portsmouth,United Kingdom - Portsmouth - Portsmouth City Council / municipal sorting rule,Food waste collection,https://www.portsmouth.gov.uk/services/recycling-and-rubbish/recycling/food-waste-collection-service/,Municipal sorting rule,AD/biogas only,Named downstream treatment route detected,Collection liners only,EN 13432 / OK compost / Seedling,Compost/digestate quality or contamination concern,Food-waste liners / collection bags; Tea/coffee preparation items; Generic compostable packaging / plastics,Sources below national level
[43],United Kingdom,Lichfield,United Kingdom - Lichfield - Lichfield District Council / municipal sorting rule,All about the new food waste service,https://www.lichfielddc.gov.uk/food-waste-3/food-waste/5,Municipal sorting rule,Treatment route not stated,No collection-route or downstream-treatment cue detected,Rejected,Generic compostable/biodegradable wording only,Pre-treatment/screening/equipment constraint,Food-waste liners / collection bags,Sources below national level
[44],Ireland,National brown-bin guidance,Ireland - National brown-bin guidance - MyWaste / official national guidance,The brown bin,https://mywaste.ie/dispose-waste/at-home/three-bin-system/brown-bin/,National rule or policy,AD/biogas + composting,Named downstream treatment route detected,Accepted broadly,EN 13432 / OK compost / Seedling,Not applicable - not a rejection/restriction case,Food-waste liners / collection bags; Tea/coffee preparation items; Generic compostable packaging / plastics,National/supranational sources
[45],Switzerland,Federal / local varies,Switzerland - Federal / local varies - FOEN/BAFU / federal guidance,Veröffentlicht am 24. März 2017,https://www.bafu.admin.ch/de/biokunststoff-alles-abbaubar,National rule or policy,AD/biogas + composting,Named downstream treatment route detected,Rejected,Generic compostable/biodegradable wording only,AD/biogas incompatibility,Generic compostable packaging / plastics,National/supranational sources
[46],United States,"San Francisco, California","United States - San Francisco, California - Recology SF + SF Environment / waste company + ordinance",What Goes Where,https://www.recology.com/recology-san-francisco/what-goes-where/,Waste operator or treatment-facility rule,Composting,Named downstream treatment route detected,Accepted broadly,Generic compostable/biodegradable wording only,Not applicable - not a rejection/restriction case,Food-waste liners / collection bags; Tea/coffee preparation items; Food-soiled paper / fibre packaging; Flexible films/wraps/pouches,Sources below national level
[47],United States,"Seattle, Washington","United States - Seattle, Washington - Seattle Public Utilities / municipal rule",Business & Commercial Compostables - Food Service Packaging Requirements,https://www.seattle.gov/utilities/your-services/collection-and-disposal/food-and-yard/business-and-commercial-compostables/food-packaging-requirements,Municipal sorting rule,Composting,Named downstream treatment route detected,Accepted broadly,BPI / ASTM / CMA,Not applicable - not a rejection/restriction case,Food-service ware / takeaway packaging; Flexible films/wraps/pouches; Generic compostable packaging / plastics,Sources below national level
[48],United States,"Hennepin County, Minnesota","United States - Hennepin County, Minnesota - Hennepin County / regional government guidance",Environment,https://www.hennepincounty.gov/services/environment/recycling/at-home-recycling/organics-recycling-home,"State, provincial, regional, or canton rule",Composting,Named downstream treatment route detected,Accepted broadly,BPI / ASTM / CMA,Not applicable - not a rejection/restriction case,Tea/coffee preparation items; Flexible films/wraps/pouches; Generic compostable packaging / plastics,Sources below national level
[49],United States,Minnesota,United States - Minnesota - Minnesota Pollution Control Agency / regional government guidance,Why should I take advantage of organics recycling in my community?,https://www.pca.state.mn.us/air-water-land-climate/frequently-asked-questions-about-organics-recycling,"State, provincial, regional, or canton rule",Composting,Named downstream treatment route detected,No clear organics route,BPI / ASTM / CMA,No compatible organic-treatment route,Food-service ware / takeaway packaging; Food-soiled paper / fibre packaging; Generic compostable packaging / plastics,Sources below national level
[50],United States,"Woodland, California","United States - Woodland, California - City of Woodland / municipal sorting rule",Skip to Main Content,https://www.cityofwoodland.gov/731/Residential-Organics-Recycling,Municipal sorting rule,Composting,Named downstream treatment route detected,Collection liners only,BPI / ASTM / CMA,Compost/digestate quality or contamination concern,Food-waste liners / collection bags; Tea/coffee preparation items; Generic compostable packaging / plastics,Sources below national level
[51],United States,"San Antonio, Texas","United States - San Antonio, Texas - City of San Antonio / municipal sorting rule",opens in new tab or window,https://www.sa.gov/Directory/Departments/SWMD/Recycling-Organics/Organics,Municipal sorting rule,Treatment route not stated,Collection/bin route stated only; downstream treatment technology not stated,Collection liners only,Government/programme approval,Slow degradation / residence-time mismatch,Food-waste liners / collection bags; Tea/coffee preparation items; Food-soiled paper / fibre packaging; Generic compostable packaging / plastics,Sources below national level
[52],United States,"Boulder County, Colorado","United States - Boulder County, Colorado - Boulder County / A1 Organics-linked guidance / regional government guidance",Skip to menu,https://bouldercounty.gov/environment/composting/composting-changes-faqs/,"State, provincial, regional, or canton rule",Composting,Named downstream treatment route detected,Rejected,Generic compostable/biodegradable wording only,No compatible organic-treatment route,Food-service ware / takeaway packaging; Generic compostable packaging / plastics,Sources below national level
[53],Canada,"Toronto, Ontario","Canada - Toronto, Ontario - City of Toronto / municipal organics guide",--- Page 1 ---,https://www.toronto.ca/wp-content/uploads/2024/04/9632-CS-24-0110GreenBinOrganicsGuide-April-2024-AODA.pdf,"State, provincial, regional, or canton rule",AD/biogas + composting,Named downstream treatment route detected,Accepted broadly,Generic compostable/biodegradable wording only,Not applicable - not a rejection/restriction case,Food-waste liners / collection bags; Tea/coffee preparation items; Generic compostable packaging / plastics,Sources below national level
[54],Canada,"Vancouver, British Columbia","Canada - Vancouver, British Columbia - City of Vancouver / municipal sorting guide",Skip to content,https://vancouver.ca/home-property-development/green-bin-composting-food-scraps-and-yard-waste.aspx,Municipal sorting rule,Composting,Named downstream treatment route detected,Accepted broadly,Generic compostable/biodegradable wording only,Not applicable - not a rejection/restriction case,Tea/coffee preparation items; Food-soiled paper / fibre packaging; Generic compostable packaging / plastics,Sources below national level
[55],Canada,"Calgary, Alberta","Canada - Calgary, Alberta - City of Calgary / municipal guidance",Information,https://www.calgary.ca/waste/residential/compostable-bags-liners.html,Municipal sorting rule,Composting,Named downstream treatment route detected,Collection liners only,Generic compostable/biodegradable wording only,Explicit no-packaging / positive-list restriction,Food-waste liners / collection bags; Generic compostable packaging / plastics,Sources below national level
[56],Canada,Montreal / Lachine borough,Canada - Montreal / Lachine borough - Lachine Borough / municipal FAQ,--- Page 1 ---,http://grame.org/FAQ_EN2.pdf,Municipal sorting rule,Composting,Named downstream treatment route detected,Collection liners only,Generic compostable/biodegradable wording only,Pre-treatment/screening/equipment constraint,Food-waste liners / collection bags; Flexible films/wraps/pouches; Generic compostable packaging / plastics,Sources below national level
[57],Canada,"London, Ontario","Canada - London, Ontario - City of London / municipal sorting rule",Green Bin,https://london.ca/living-london/garbage-recycling/green-bin,Municipal sorting rule,Treatment route not stated,No collection-route or downstream-treatment cue detected,Collection liners only,BPI / ASTM / CMA,Compost/digestate quality or contamination concern,Food-waste liners / collection bags; Tea/coffee preparation items; Food-soiled paper / fibre packaging; Generic compostable packaging / plastics,Sources below national level
[58],Canada,"Richmond, British Columbia","Canada - Richmond, British Columbia - City of Richmond / municipal sorting rule",Green Cart Recycling,https://www.richmond.ca/services/recycling-garbage/foodyardwaste/greencart.htm,Municipal sorting rule,Composting,Named downstream treatment route detected,Collection liners only,Government/programme approval,AD/biogas incompatibility,Food-waste liners / collection bags; Tea/coffee preparation items; Food-soiled paper / fibre packaging; Generic compostable packaging / plastics,Sources below national level
[59],Canada,"Saskatoon, Saskatchewan","Canada - Saskatoon, Saskatchewan - City of Saskatoon / municipal sorting rule",Services for Residents,https://www.saskatoon.ca/services-residents/waste-recycling/organics-food-yard-waste/curbside-organics-green-cart,Municipal sorting rule,Composting,Named downstream treatment route detected,Collection liners only,BPI / ASTM / CMA,Compost/digestate quality or contamination concern,Food-waste liners / collection bags; Tea/coffee preparation items; Food-soiled paper / fibre packaging; Flexible films/wraps/pouches; Generic compostable packaging / plastics,Sources below national level
[60],Canada,"Niagara Region, Ontario","Canada - Niagara Region, Ontario - Niagara Region / regional government guidance",Acceptable Compostable Bags and Where to Buy Them,https://www.niagararegion.ca/waste/containers/compostable-bags.aspx,"State, provincial, regional, or canton rule",Treatment route not stated,Collection/bin route stated only; downstream treatment technology not stated,Collection liners only,BPI / ASTM / CMA,Reason not explicitly stated,Food-service ware / takeaway packaging; Shopping/produce bags; Generic compostable packaging / plastics,Sources below national level
[61],Canada,"Manicouagan, Québec","Canada - Manicouagan, Québec - Régie de gestion des matières résiduelles Manicouagan / composting facility rule",Bac brun,https://regiemanicouagan.qc.ca/services/collectes/bac-brun/,Waste operator or treatment-facility rule,Composting,Named downstream treatment route detected,Rejected,Generic compostable/biodegradable wording only,Reason not explicitly stated,Food-service ware / takeaway packaging,Sources below national level
[62],Canada,Province of Quebec (General Municipal Guidance),Canada - Province of Quebec (General Municipal Guidance) - RECYC-QUÉBEC / Bureau de normalisation du Québec (BNQ) / regional government guidance,RECYC-QUÉBEC - Notre guide d'utilisation des sacs : choisir le bon,https://www.recyc-quebec.gouv.qc.ca/municipalites/matieres-organiques/participation-citoyenne/guide-utilisation-sacs,Municipal sorting rule,Composting,Named downstream treatment route detected,Collection liners only,BPI / ASTM / CMA,Compost/digestate quality or contamination concern,Food-waste liners / collection bags; Generic compostable packaging / plastics,Sources below national level
[63],Australia,New South Wales,Australia - New South Wales - NSW EPA / state government FOGO guidance,FOGO information for households,https://www.epa.nsw.gov.au/Your-environment/Recycling-and-reuse/household-recycling-overview/FOGO-information-for-households,"State, provincial, regional, or canton rule",Composting,Named downstream treatment route detected,Collection liners only,OK compost HOME / NF T 51-800 / AS 5810,Pre-treatment/screening/equipment constraint,Food-waste liners / collection bags; Tea/coffee preparation items; Generic compostable packaging / plastics,Sources below national level
[64],Australia,City of Sydney,Australia - City of Sydney - City of Sydney / municipal food-scraps service,Skip to content,https://www.cityofsydney.nsw.gov.au/waste-recycling-services/prepare-for-your-food-scraps-recycling-collection,Municipal sorting rule,Composting,Named downstream treatment route detected,Collection liners only,Country-specific standards/certifications (BNQ / AS 4736 / DINplus),Reason not explicitly stated,Food-waste liners / collection bags; Tea/coffee preparation items; Flexible films/wraps/pouches; Generic compostable packaging / plastics,Sources below national level
[65],Australia,"Melbourne and Manningham, Victoria","Australia - Melbourne and Manningham, Victoria - City of Melbourne + Manningham / municipal FOGO rules",Food and garden organics,https://www.melbourne.vic.gov.au/food-and-garden-organics-service,Municipal sorting rule,Composting,Named downstream treatment route detected,Collection liners only,OK compost HOME / NF T 51-800 / AS 5810,Compost/digestate quality or contamination concern,Food-waste liners / collection bags; Food-service ware / takeaway packaging,Sources below national level
[66],Australia,"Randwick, New South Wales","Australia - Randwick, New South Wales - Randwick City Council / municipal sorting rule",Home,https://www.randwick.nsw.gov.au/about-us/news/news-items/2022/december/fogo-changes-from-2023-its-just-for-food-scraps-and-garden-clippings,Municipal sorting rule,Composting,Named downstream treatment route detected,Collection liners only,Country-specific standards/certifications (BNQ / AS 4736 / DINplus),Compost/digestate quality or contamination concern,Food-waste liners / collection bags; Food-service ware / takeaway packaging; Food-soiled paper / fibre packaging; Generic compostable packaging / plastics,Sources below national level
[67],Australia,"Inner West, New South Wales","Australia - Inner West, New South Wales - Inner West Council / municipal sorting rule",FOGO (Food organics garden organics),https://www.innerwest.nsw.gov.au/household-bins/fogo-food-organics-garden-organics,Municipal sorting rule,Composting,Named downstream treatment route detected,Rejected,EN 13432 / OK compost / Seedling,Pre-treatment/screening/equipment constraint,Food-waste liners / collection bags; Tea/coffee preparation items; Flexible films/wraps/pouches; Generic compostable packaging / plastics,Sources below national level
[68],Australia,South Australia (Regional Processing Networks),Australia - South Australia (Regional Processing Networks) - Green Industries South Australia (GISA) Operational Guidance / regional government guidance,Reducing food waste – resources for households,https://www.greenindustries.sa.gov.au/food-waste-resources-households,"State, provincial, regional, or canton rule",Composting,Named downstream treatment route detected,Collection liners only,OK compost HOME / NF T 51-800 / AS 5810,Reason not explicitly stated,Food-waste liners / collection bags,Sources below national level
[69],New Zealand,National,New Zealand - National - Ministry for the Environment / national kerbside standard,"Material excluded from kerbside food scraps and food and garden waste collections | Ministry for the Environment, New Zealand",https://environment.govt.nz/what-government-is-doing/areas-of-work/waste/improving-household-recycling-and-food-scrap-collections/material-excluded-from-kerbside-food-scraps-and-food-and-garden-waste-collections/,National rule or policy,AD/biogas + composting,Named downstream treatment route detected,Rejected,Generic compostable/biodegradable wording only,Compost/digestate quality or contamination concern,Generic compostable packaging / plastics,National/supranational sources
[70],New Zealand,New Plymouth District,New Zealand - New Plymouth District - NPDC / municipal food-scraps rule,Skip to main content,https://www.npdc.govt.nz/zero-waste/recycling-and-rubbish-collection/your-food-scraps-bin/,Municipal sorting rule,Composting,Named downstream treatment route detected,Rejected,OK compost HOME / NF T 51-800 / AS 5810,Compost/digestate quality or contamination concern,Generic compostable packaging / plastics,Sources below national level
[71],Japan,"Mashiko, Tochigi","Japan - Mashiko, Tochigi - 益子町 / municipal sorting rule",--- Page 1 ---,https://www.town.mashiko.lg.jp/data/doc/1396155521_doc_87_0.pdf,Municipal sorting rule,Treatment route not stated,No collection-route or downstream-treatment cue detected,Collection liners only,Government/programme approval,Reason not explicitly stated,Food-waste liners / collection bags,Sources below national level
[72],Japan,"Makkari, Hokkaidō","Japan - Makkari, Hokkaidō - 真狩村 / municipal sorting rule",ごみの出し方・注意事項,https://www.vill.makkari.lg.jp/kurashi/gomi/bunbetsu/dashikata/,Municipal sorting rule,Treatment route not stated,No collection-route or downstream-treatment cue detected,Rejected,Government/programme approval,Reason not explicitly stated,Food-waste liners / collection bags,Sources below national level
[73],Japan,"Niseko, Hokkaidō","Japan - Niseko, Hokkaidō - ニセコ町 / municipal sorting / program document",--- Page 1 ---,https://www.town.niseko.lg.jp/resources/output/contents/file/release/903/13734/80b6adbfc21896406dd4d482d212e7d5.pdf,Municipal sorting rule,Treatment route not stated,No collection-route or downstream-treatment cue detected,Rejected,Government/programme approval,Reason not explicitly stated,Food-waste liners / collection bags,Sources below national level
[74],Japan,"Toyohashi, Aichi","Japan - Toyohashi, Aichi - 豊橋市 / municipal sorting rule",生ごみ分別について,https://www.city.toyohashi.lg.jp/26526.htm,Municipal sorting rule,Treatment route not stated,No collection-route or downstream-treatment cue detected,No explicit compostable-packaging rule,Government/programme approval,Not applicable - not a rejection/restriction case,Food-waste liners / collection bags,Sources below national level
[75],Japan,National,"Japan - National - Ministry of Agriculture, Forestry and Fisheries / national government guidance",このページの本文へ移動,https://www.maff.go.jp/j/syouan/nouan/kome/k_hiryo/compostable_plastic.html,National rule or policy,Composting,Named downstream treatment route detected,Collection liners only,Government/programme approval,Reason not explicitly stated,Food-waste liners / collection bags,National/supranational sources
[76],Spain,Vigo (Galicia),Spain - Vigo (Galicia) - Concello de Vigo / municipal sorting rule,Saltar al contenido,https://hoxe.vigo.org/movemonos/limp_org_form.php?lang=cas,Municipal sorting rule,Treatment route not stated,Collection/bin route stated only; downstream treatment technology not stated,Rejected,Generic compostable/biodegradable wording only,Explicit no-packaging / positive-list restriction,Food-waste liners / collection bags,Sources below national level
[77],Belgium,National (all three regions),Belgium - National (all three regions) - Fost Plus (producer responsibility organisation) / waste-company guidance,"FAQ Bio-based/sourced plastics, bio-degradable and compostable plastics | Fost Plus",https://www.fostplus.be/fr/media/1374/download%20(FR);%20https:/www.fostplus.be/nl/media/1373/download%20(NL),Waste operator or treatment-facility rule,Treatment route not stated,No collection-route or downstream-treatment cue detected,Rejected,OK compost HOME / NF T 51-800 / AS 5810,Compost/digestate quality or contamination concern,Generic compostable packaging / plastics,Sources below national level
[78],Belgium,Flanders (national D4R guideline),Belgium - Flanders (national D4R guideline) - Fost Plus — Design for Recycling guidelines (Algemene D4R richtlijnen) / waste-company guidance,--- Page 1 ---,https://www.fostplus.be/nl/media/343/download,Waste operator or treatment-facility rule,Composting,Named downstream treatment route detected,Rejected,Generic compostable/biodegradable wording only,Compost/digestate quality or contamination concern,Generic compostable packaging / plastics,Sources below national level
[79],Belgium,Ghent (Flanders),Belgium - Ghent (Flanders) - IVAGO (Ghent intermunicipal waste company) / hauler guidance,"IVAGO gft-zakken and GFT-zakkenzone | IVAGO, Ghent",https://www.ivago.be/nl/particulier/afval/gids/gft;%20https:/www.ivago.be/nl/particulier/dienst/composteerbare-zakjes;%20https:/www.ivago.be/nl/particulier/blog/100-composteerbaar-0-gft,Waste operator or treatment-facility rule,Composting,Named downstream treatment route detected,Collection liners only,Generic compostable/biodegradable wording only,Reason not explicitly stated,Food-waste liners / collection bags; Food-service ware / takeaway packaging,Sources below national level
[80],Austria,Vienna (Wien),Austria - Vienna (Wien) - Stadt Wien / MA48 (Magistratsabteilung 48 – Abfallwirtschaft) / municipal sorting rule,Sammlung von biogenem Abfall,https://www.wien.gv.at/umwelt/sammlung-biogener-abfall,Municipal sorting rule,Treatment route not stated,Collection/bin route stated only; downstream treatment technology not stated,Rejected,No named standard/approval stated,Reason not explicitly stated,Organic-waste system context only,Sources below national level
[81],Austria,National,Austria - National - oesterreich.gv.at (Austrian federal citizen portal) / national government guidance,Bioabfall,https://www.oesterreich.gv.at/de/themen/bauen_und_wohnen/abfall/bioabfall,National rule or policy,Treatment route not stated,Collection/bin route stated only; downstream treatment technology not stated,Rejected,No named standard/approval stated,Reason not explicitly stated,Organic-waste system context only,National/supranational sources
[82],Denmark,National,Denmark - National - Miljøstyrelsen (Danish Environmental Protection Agency) / national government guidance,Udskriftsdato: 17. maj 2024,https://producentansvar.dk/wp-content/uploads/2022/04/mst-sorteringsvejledning-2022.pdf,National rule or policy,Treatment route not stated,Collection/bin route stated only; downstream treatment technology not stated,Rejected,Government/programme approval,Compost/digestate quality or contamination concern,Organic-waste system context only,National/supranational sources
[83],Denmark,Roskilde (Zealand),Denmark - Roskilde (Zealand) - Roskilde Kommune / municipal sorting rule,start på hovedindhold,https://www.roskilde.dk/da-dk/service-og-selvbetjening/borger/affald-og-genbrug/hvordan-sorterer-jeg-affaldet/madaffald/,Municipal sorting rule,AD/biogas only,Named downstream treatment route detected,Collection liners only,EN 13432 / OK compost / Seedling,Reason not explicitly stated,Food-waste liners / collection bags,Sources below national level
[84],Sweden,National,Sweden - National - Avfall Sverige (Swedish Waste Management association — industry body for certified biogas facilities) / composting facility rule / certification standard,Hem,https://www.avfallsverige.se/fakta-statistik/certifierad-atervinning/certifieringsregler-for-biogodsel/nya-krav-pa-pasar-for-matavfall/,Waste operator or treatment-facility rule,AD/biogas + composting,Named downstream treatment route detected,Rejected,EN 13432 / OK compost / Seedling,Reason not explicitly stated,Food-waste liners / collection bags,Sources below national level
[85],Sweden,National (Avfallsförordningen),Sweden - National (Avfallsförordningen) - Naturvårdsverket / Swedish Government (Avfallsförordningen 2020:614 as amended; Avfall Sverige interpretation) / national government guidance,2024-01-02,https://www.avfallsverige.se/aktuellt/nyheter/ny-lagstiftning-2024/,National rule or policy,Treatment route not stated,Collection/bin route stated only; downstream treatment technology not stated,No explicit compostable-packaging rule,No named standard/approval stated,Not applicable - not a rejection/restriction case,Organic-waste system context only,National/supranational sources
[86],Sweden,Stockholm,Sweden - Stockholm - Stockholm Vatten och Avfall (SVOA) / municipal sorting rule,Regler för förpackat matavfall från livsmedelsbutik,https://www.stockholmvattenochavfall.se/artiklar-listsida/avfall---sortering-och-atervinning/regler-for-forpackat-matavfall-fran-livsmedelsbutik/,Municipal sorting rule,Treatment route not stated,Collection/bin route stated only; downstream treatment technology not stated,Rejected,No named standard/approval stated,Reason not explicitly stated,Organic-waste system context only,Sources below national level
[87],Switzerland,Zürich (city),Switzerland - Zürich (city) - Stadt Zürich — Tiefbau- und Entsorgungsdepartement / municipal sorting rule,Seite vorlesen,https://www.stadt-zuerich.ch/de/umwelt-und-energie/entsorgung/was-entsorgen/bioabfall.html,Municipal sorting rule,AD/biogas + composting,Named downstream treatment route detected,Rejected,EN 13432 / OK compost / Seedling,Compost/digestate quality or contamination concern,Organic-waste system context only,Sources below national level
[88],Switzerland,Zürich (city / canton),Switzerland - Zürich (city / canton) - Biogas Zürich AG (anaerobic digestion treatment facility) / anaerobic digestion facility rule,Aktuell,https://biogaszuerich.ch/aktuell-faq/,Waste operator or treatment-facility rule,AD/biogas + composting,Named downstream treatment route detected,Dedicated/controlled route only,EN 13432 / OK compost / Seedling,Reason not explicitly stated,Food-waste liners / collection bags,Sources below national level
[89],Switzerland,Bern (city),Switzerland - Bern (city) - Stadt Bern — Grüngut / municipal sorting rule,Navigieren auf Stadt Bern,https://www.bern.ch/themen/abfall/entsorgungs-abc/gruengut,Municipal sorting rule,Treatment route not stated,No collection-route or downstream-treatment cue detected,No explicit compostable-packaging rule,No named standard/approval stated,Not applicable - not a rejection/restriction case,Organic-waste system context only,Sources below national level
[90],Switzerland,National,Switzerland - National - BAFU — Bundesamt für Umwelt (Federal Office for the Environment) / national government guidance,Thema Abfall,https://www.bafu.admin.ch/de/abfall,National rule or policy,Treatment route not stated,No collection-route or downstream-treatment cue detected,No explicit compostable-packaging rule,No named standard/approval stated,Not applicable - not a rejection/restriction case,Organic-waste system context only,National/supranational sources
[91],Chile,Vitacura,Chile - Vitacura - Municipal organic-waste / composting guidance,¡Retiro de residuos orgánicos gratuito! | Vitacura Sustentable,https://sustentable.vitacura.cl/organico/,Municipal sorting rule,Composting,Named downstream treatment route detected,Collection liners only,Generic compostable/biodegradable wording only,Reason not explicitly stated,Food-waste liners / collection bags,Sources below national level
[92],Mexico,Mexico City / CDMX,Mexico - Mexico City / CDMX - Solid-waste regulation,"Norma Ambiental NACDMX-010-AMBT-2019 | Secretar?a del Medio Ambiente, Ciudad de M?xico",https://data.sedema.cdmx.gob.mx/sitios/conadf/documentos/NACDMX_010_AMBT_2019.pdf,National rule or policy,Treatment route not stated,No collection-route or downstream-treatment cue detected,Collection liners only,Country-specific standards/certifications (BNQ / AS 4736 / DINplus),Explicit no-packaging / positive-list restriction,Food-waste liners / collection bags; Flexible films/wraps/pouches,National/supranational sources
[93],Czechia,Prague,Czechia - Prague - Pražské služby a.s. - Svoz bioodpadu v Praze,Call centrum,https://www.psas.cz/svoz-bioodpadu,Waste operator or treatment-facility rule,Treatment route not stated,No collection-route or downstream-treatment cue detected,Rejected,No named standard/approval stated,Reason not explicitly stated,Organic-waste system context only,Sources below national level
[94],Greece,Alimos,Greece - Alimos - Δήμος Αλίμου - Εκστρατεία ευαισθητοποίησης για τους καφέ κάδους ανακύκλωσης,Περιβάλλον,https://alimos.gov.gr/%CE%B5%CE%BA%CF%83%CF%84%CF%81%CE%B1%CF%84%CE%B5%CE%B9%CE%B1-%CE%B5%CF%85%CE%B1%CE%B9%CF%83%CE%B8%CE%B7%CF%84%CE%BF%CF%80%CE%BF%CE%B9%CE%B7%CF%83%CE%B7%CF%83-%CE%B3%CE%B9%CE%B1-%CF%84%CE%BF%CF%85/,Municipal sorting rule,Composting,Named downstream treatment route detected,Collection liners only,No named standard/approval stated,Reason not explicitly stated,Organic-waste system context only,Sources below national level
[95],Latvia,Riga / Getliņi BNA system,Latvia - Riga / Getliņi BNA system - Rīgas valstspilsētas pašvaldība - Atkritumu šķirošanas ceļvedis,Pāriet uz lapas saturu,https://www.riga.lv/lv/atkritumu-skirosanas-celvedis,Waste operator or treatment-facility rule,Treatment route not stated,No collection-route or downstream-treatment cue detected,Rejected,Generic compostable/biodegradable wording only,Reason not explicitly stated,Organic-waste system context only,Sources below national level
[96],Lithuania,Alytus region,Lithuania - Alytus region - UAB Alytaus regiono atliekų tvarkymo centras - Grūte bus dalijami maisto atliekų surinkimo konteineriai,Naujiena,https://www.aratc.lt/naujienos/grute-bus-dalijami-maisto-atlieku-surinkimo-konteineriai/,"State, provincial, regional, or canton rule",Treatment route not stated,No collection-route or downstream-treatment cue detected,Accepted broadly,No named standard/approval stated,Not applicable - not a rejection/restriction case,Organic-waste system context only,Sources below national level
[97],Luxembourg,Luxembourg City,Luxembourg - Luxembourg City - Ville de Luxembourg - Déchets organiques de cuisine,Écoutez,https://www.vdl.lu/fr/vivre/domicile-au-quotidien/collecter-et-trier-ses-dechets/par-type-de-dechets/dechets-organiques-de-cuisine,Municipal sorting rule,Other organic recovery,Named downstream treatment route detected,Rejected,Generic compostable/biodegradable wording only,Explicit no-packaging / positive-list restriction,Tea/coffee preparation items; Generic compostable packaging / plastics,Sources below national level
[98],Poland,Toruń,Poland - Toruń - Miasto Toruń and MPO Toruń - STOP foliówkom w pojemnikach BIO - rozdajemy BIOworki,2025-01-24,https://www.mpo.torun.pl/__jw-webdev/mpo/324/stop-foliowkom-w-pojemnikach-bio-rozdajemy-bioworki,Municipal sorting rule,Treatment route not stated,No collection-route or downstream-treatment cue detected,Rejected,Generic compostable/biodegradable wording only,No compatible organic-treatment route,Food-waste liners / collection bags; Generic compostable packaging / plastics,Sources below national level
[99],Portugal,LIPOR municipalities,Portugal - LIPOR municipalities - Lipor - FAQ - Gestão de Resíduos – Campanha Reciclar é Dar +,HOME,https://www.lipor.pt/darmais/faq/gestao-residuos.html,Waste operator or treatment-facility rule,Composting,Named downstream treatment route detected,Collection liners only,No named standard/approval stated,Reason not explicitly stated,Food-waste liners / collection bags,Sources below national level
[100],Poland,Warsaw,Poland - Warsaw - Urząd m. st. Warszawy - Biodegradowalne opakowania np. ze skrobi kukurydzianej,Co chcesz wyrzucić?,https://segregujna5.um.warszawa.pl/odpady/biodegradowalne-opakowania-np-ze-skrobi-kukurydzianej/,Municipal sorting rule,Treatment route not stated,No collection-route or downstream-treatment cue detected,Rejected,Generic compostable/biodegradable wording only,Reason not explicitly stated,Generic compostable packaging / plastics,Sources below national level
[101],Slovakia,Bratislava,Slovakia - Bratislava - OLO a.s. - Ako správne triediť kuchynský bioodpad?,Ako správne triediť kuchynský bioodpad?,https://www.olo.sk/odpad/ako-spravne-triedit-odpad/kbro,Municipal sorting rule,Treatment route not stated,Collection/bin route stated only; downstream treatment technology not stated,Rejected,EN 13432 / OK compost / Seedling,Reason not explicitly stated,Food-waste liners / collection bags,Sources below national level
[102],Luxembourg,National,Luxembourg - National - Administration de l'environnement - 1x1 Offalltrennung,--- Page 1 ---,https://environnement.public.lu/dam-assets/documents/offall_a_ressourcen/1x1-offalltrennung/01-aev-flyer-fr-online.pdf,National rule or policy,AD/biogas + composting,Named downstream treatment route detected,Rejected,Generic compostable/biodegradable wording only,Compost/digestate quality or contamination concern,Tea/coffee preparation items,National/supranational sources
[103],Portugal,Sintra,Portugal - Sintra - SMAS Sintra / Tratolixo - Sintra Biorresíduos,Início,https://www.smas-sintra.pt/sintra-biorresiduos/perguntas-frequentes/,Waste operator or treatment-facility rule,Composting,Named downstream treatment route detected,Rejected,No named standard/approval stated,Reason not explicitly stated,Organic-waste system context only,Sources below national level
[104],Lithuania,Vilnius,Lithuania - Vilnius - VASA - Maisto atliekas Vilniuje,lt,https://zaliasvilnius.lt/maisto-atliekas-vilniuje-rusiuokime-i-oranzinius-maiselius/,Waste operator or treatment-facility rule,Treatment route not stated,No collection-route or downstream-treatment cue detected,No explicit compostable-packaging rule,Government/programme approval,Not applicable - not a rejection/restriction case,Organic-waste system context only,Sources below national level
[105],Poland,National,Poland - National - Ministerstwo Klimatu i Środowiska - Segregacja odpadów - pojemniki bio,Powrót,https://www.gov.pl/web/klimat/segregacjaodpadow-pojemniki-bio,National rule or policy,Treatment route not stated,No collection-route or downstream-treatment cue detected,No explicit compostable-packaging rule,Generic compostable/biodegradable wording only,Not applicable - not a rejection/restriction case,Organic-waste system context only,National/supranational sources
[106],Portugal,National,Portugal - National - Agência Portuguesa do Ambiente - Ainda não sabe como se separam os biorresíduos?,Início,https://www.pontoverde.pt/recicla/ainda-nao-sabe-como-se-separam-os-biorresiduos/,National rule or policy,Composting,Named downstream treatment route detected,Rejected,No named standard/approval stated,Reason not explicitly stated,Organic-waste system context only,National/supranational sources
[107],Norway,Rogaland (Molde/Romsdal region),Norway - Rogaland (Molde/Romsdal region) - RIR (Romsdals-halv og Innlandets Renovasjon) - Nedbrytbare matavfallsposer til matavfall fra 1. januar,Hjem,https://www.rir.no/aktuelt/nedbrytbare-matavfallsposer,"State, provincial, regional, or canton rule",Treatment route not stated,Collection/bin route stated only; downstream treatment technology not stated,Collection liners only,EN 13432 / OK compost / Seedling,Slow degradation / residence-time mismatch,Food-waste liners / collection bags,Sources below national level
[108],Norway,Oslo,Norway - Oslo - Oslo kommune – Renovasjons- og gjenvinningsetaten (REG) - Nedbrytbar – men hvor?,Avfall og ressurser,https://aktuelt.oslo.kommune.no/nedbrytbar-men-hvor,Municipal sorting rule,AD/biogas only,Named downstream treatment route detected,Rejected,No named standard/approval stated,Slow degradation / residence-time mismatch,Organic-waste system context only,Sources below national level
[109],Norway,National (Greve Biogass service area),Norway - National (Greve Biogass service area) - Greve Biogass (AD operator) — quoted in Huseierne - Nedbrytbart? Ikke i Norge,Nedbrytbart? Ikke i Norge,https://beta.fagpressenytt.no/artikkel/nedbrytbart-ikke-i-norge,Waste operator or treatment-facility rule,AD/biogas only,Named downstream treatment route detected,Rejected,No named standard/approval stated,Reason not explicitly stated,Organic-waste system context only,Sources below national level
[110],Finland,"Helsinki Metropolitan Area (Helsinki, Espoo, Vantaa, Kauniainen)","Finland - Helsinki Metropolitan Area (Helsinki, Espoo, Vantaa, Kauniainen) - HSY (Helsinki Region Environmental Services Authority) - Biohajoava muovi"" (Biodegradable plastic sorting guidance)",Jäteoppaaseen,https://www.hsy.fi/jatteet-ja-kierratys/jateopas-ja-lajitteluohjeet/jatteet/biohajoava-muovi/,Intermunicipal or regional waste authority,Treatment route not stated,No collection-route or downstream-treatment cue detected,Rejected,Generic compostable/biodegradable wording only,Slow degradation / residence-time mismatch,Food-service ware / takeaway packaging; Generic compostable packaging / plastics,Sources below national level
[111],Finland,Kainuu region,"Finland - Kainuu region - Ekokymppi (Kainuu waste authority) - Biojäte"" sorting guide",Biojäte,https://www.ekokymppi.fi/tietopankki/lajittelu/biojate.html,"State, provincial, regional, or canton rule",Treatment route not stated,Collection/bin route stated only; downstream treatment technology not stated,Collection liners only,OK compost HOME / NF T 51-800 / AS 5810,Reason not explicitly stated,Food-waste liners / collection bags; Food-soiled paper / fibre packaging,Sources below national level
[112],Finland,"Jyväskylä, Laukaa, Muurame, Toivakka","Finland - Jyväskylä, Laukaa, Muurame, Toivakka - Mustankorkea (composting facility) - Biohajoava, kompostoituva vai biopohjainen?"" (blog/guidance)",Blogit,https://www.mustankorkea.fi/blogit/biohajoavat-tuotteet/,Waste operator or treatment-facility rule,Composting,Named downstream treatment route detected,Rejected,OK compost HOME / NF T 51-800 / AS 5810,Pre-treatment/screening/equipment constraint,Food-service ware / takeaway packaging; Generic compostable packaging / plastics,Sources below national level
[113],Ireland,National,"Ireland - National - MyWaste.ie (national waste guidance portal — government funded, operated by Regional Waste Management Planning Offices) - Brown bin collection service",Brown bin collection service,https://mywaste.ie/dispose-waste/at-home/three-bin-system/brown-bin/brown-bin-collection-service/,National rule or policy,AD/biogas + composting,Named downstream treatment route detected,Accepted broadly,EN 13432 / OK compost / Seedling,Not applicable - not a rejection/restriction case,Food-service ware / takeaway packaging; Food-soiled paper / fibre packaging; Generic compostable packaging / plastics,National/supranational sources
[114],Ireland,Dún Laoghaire-Rathdown County,"Ireland - Dún Laoghaire-Rathdown County - Dún Laoghaire-Rathdown County Council - Food Waste"" (waste guidance page)",Waste,https://www.dlrcoco.ie/recycling-waste/waste/food-waste,"State, provincial, regional, or canton rule",Composting,Named downstream treatment route detected,No clear organics route,EN 13432 / OK compost / Seedling,No compatible organic-treatment route,Food-waste liners / collection bags; Generic compostable packaging / plastics,Sources below national level
[115],Mexico,Mexico City (CDMX),"Mexico - Mexico City (CDMX) - Secretaría del Medio Ambiente, Ciudad de México (via Ley de Residuos Sólidos del CDMX and Reglamento) - Reglamento de la Ley de Residuos Sólidos del Distrito Federal"" (Artículo 32 Bis)",REGLAMENTO DE LA LEY DE RESIDUOS SÓLIDOS,https://paot.org.mx/centro/leyes-normas-htmls/reglamento-de-la-1054.html,National rule or policy,Treatment route not stated,No collection-route or downstream-treatment cue detected,Collection liners only,Generic compostable/biodegradable wording only,Explicit no-packaging / positive-list restriction,Organic-waste system context only,National/supranational sources
[116],Chile,National (proposed framework),Chile - National (proposed framework) - Ministerio del Medio Ambiente — Estrategia Nacional de Residuos Orgánicos (ENRO) / Proyecto de Ley - Proyecto de Ley de Residuos Orgánicos en Chile,Agroalimentación,https://greennetwork.cl/medioambiente/proyecto-de-ley-de-residuos-organicos-en-chile-un-paso-mas-hacia-la-sostenibilidad/,National rule or policy,Composting,Named downstream treatment route detected,No explicit compostable-packaging rule,No named standard/approval stated,Not applicable - not a rejection/restriction case,Organic-waste system context only,National/supranational sources
[117],Israel,National,"Israel - National - Ministry of Environmental Protection - In new push, government hopes to get Israelis to sort food waste"" (Times of Israel reporting on new draft regulations)",Advertisement,https://www.timesofisrael.com/in-new-push-government-hopes-to-get-israelis-to-sort-food-waste-from-other-trash/,National rule or policy,Composting,Named downstream treatment route detected,No clear organics route,No named standard/approval stated,No compatible organic-treatment route,Organic-waste system context only,National/supranational sources
[118],Germany,Braunschweig,Germany - Braunschweig - Stadt Braunschweig / Kompostierbare Kunststoffe in Biotonne,Zur Startseite springen,https://www.braunschweig.de/leben/wohnen_energie_abfall/usbs/bioplastik.php,Municipal sorting rule,Composting,Named downstream treatment route detected,Rejected,EN 13432 / OK compost / Seedling,Compost/digestate quality or contamination concern,Generic compostable packaging / plastics,Sources below national level
[119],Costa Rica,Alvarado,Costa Rica - Alvarado - Municipalidad de Alvarado / Gestión Ambiental,Gestión Ambiental | Municipalidad de Alvarado,https://munialvarado.go.cr/index.php?id=33&option=com_content&view=article,Municipal sorting rule,Composting,Named downstream treatment route detected,No explicit compostable-packaging rule,No named standard/approval stated,Not applicable - not a rejection/restriction case,Organic-waste system context only,Sources below national level
[120],Costa Rica,municipal composting guide / REPIC-SKAT municipal source,Costa Rica - municipal composting guide / REPIC-SKAT municipal source,Guía para el compostaje de residuos orgánicos procedentes de la recolección municipal,https://skat.ch/publications/guia-para-el-compostaje-de-residuos-organicos-procedentes-de-la-recoleccion-municipal,Municipal sorting rule,Composting,Named downstream treatment route detected,Rejected,No named standard/approval stated,Reason not explicitly stated,Organic-waste system context only,Sources below national level
[121],Estonia,Tallinn,Estonia - Tallinn - City of Tallinn / Bio-waste,Bio-waste | Tallinn,https://www.tallinn.ee/en/keskkond/bio-waste,Municipal sorting rule,Composting,Named downstream treatment route detected,No clear organics route,Generic compostable/biodegradable wording only,No compatible organic-treatment route,Organic-waste system context only,Sources below national level
[122],Estonia,Tartu,Estonia - Tartu - Tartu City Government / organised municipal waste transport,Korraldatud jäätmevedu | Tartu linn,https://tartu.ee/et/korraldatud-olmejaatmevedu,Municipal sorting rule,Treatment route not stated,No collection-route or downstream-treatment cue detected,Rejected,Generic compostable/biodegradable wording only,Reason not explicitly stated,Organic-waste system context only,Sources below national level
[123],Estonia,Rakvere,Estonia - Rakvere - Rakvere City / waste sorting guidance,Jäätmete liigiti kogumine | Rakvere Linnavalitsus,https://rakvere.ee/jaatmete-sorteerimine,Municipal sorting rule,Treatment route not stated,No collection-route or downstream-treatment cue detected,Rejected,Generic compostable/biodegradable wording only,Reason not explicitly stated,Organic-waste system context only,Sources below national level
[124],Slovenia,Ljubljana,Slovenia - Ljubljana - JP VOKA SNAGA / biodegradable bio-organic waste guidance,Biowaste | JP VOKA SNAGA,https://www.vokasnaga.si/en/separating-and-collecting-waste/biodegradable-bio-organic-waste,Waste operator or treatment-facility rule,AD/biogas + composting,Named downstream treatment route detected,Collection liners only,Generic compostable/biodegradable wording only,Compost/digestate quality or contamination concern,Food-waste liners / collection bags,Sources below national level
[125],South Korea,"Dobong-gu, Seoul","South Korea - Dobong-gu, Seoul - household waste disposal guide",생활폐기물 배출안내 | 도봉구,https://www.dobong.go.kr/subsite/waste/Contents.asp?code=10007358,Municipal sorting rule,Other organic recovery,Named downstream treatment route detected,Rejected,Government/programme approval,Pre-treatment/screening/equipment constraint,Food-waste liners / collection bags,Sources below national level
[126],South Korea,Busan Metropolitan City,South Korea - Busan Metropolitan City - recycling/separation public guidance,생활쓰레기 줄이기 홍보관 | 부산광역시,https://www.busan.go.kr/depart/ahwasteinfo01,Intermunicipal or regional waste authority,Treatment route not stated,No collection-route or downstream-treatment cue detected,Rejected,No named standard/approval stated,Slow degradation / residence-time mismatch,Organic-waste system context only,Sources below national level
[127],Canada,"Halifax, Nova Scotia","Canada - Halifax, Nova Scotia - Green carts, leaf and yard material","Green carts, leaf and yard material",https://www.halifax.ca/home-property/garbage-recycling-green-cart/green-carts-leaf-yard-material,"State, provincial, regional, or canton rule",Composting,Named downstream treatment route detected,Collection liners only,Generic compostable/biodegradable wording only,Compost/digestate quality or contamination concern,Tea/coffee preparation items; Food-soiled paper / fibre packaging; Flexible films/wraps/pouches; Generic compostable packaging / plastics,Sources below national level
[128],Canada,"Calgary, Alberta","Canada - Calgary, Alberta - What can go in your green cart",What can go in your green cart,https://www.calgary.ca/waste/residential/what-can-go-in-green-cart.html,"State, provincial, regional, or canton rule",Composting,Named downstream treatment route detected,Collection liners only,Generic compostable/biodegradable wording only,Compost/digestate quality or contamination concern,Food-waste liners / collection bags; Tea/coffee preparation items; Food-soiled paper / fibre packaging; Flexible films/wraps/pouches; Generic compostable packaging / plastics,Sources below national level
[129],Canada,"Montréal, Québec","Canada - Montréal, Québec - Get details about food waste collections",Get details about food waste collections,https://montreal.ca/en/how-to/get-details-about-food-waste-collections,"State, provincial, regional, or canton rule",Composting,Named downstream treatment route detected,No clear organics route,Government/programme approval,No compatible organic-treatment route,Food-service ware / takeaway packaging; Food-soiled paper / fibre packaging; Generic compostable packaging / plastics,Sources below national level
[130],Portugal,LIPOR service area / Greater Porto,"Portugal - LIPOR service area / Greater Porto - Os sacos compostáveis podem ser colocados no Contentor Castanho, dos Resíduos Alimentares?","Os sacos compostáveis podem ser colocados no Contentor Castanho, dos Resíduos Alimentares?",https://www.lipor.pt/pt/perguntas-frequentes/tratamento-centralizado-recolha-seletiva-de-biorresiduos/faq-221/,Waste operator or treatment-facility rule,Composting,Named downstream treatment route detected,Collection liners only,No named standard/approval stated,Reason not explicitly stated,Food-waste liners / collection bags,Sources below national level
[131],Portugal,Cascais / Mafra / Oeiras / Sintra (Tratolixo),Portugal - Cascais / Mafra / Oeiras / Sintra (Tratolixo) - Biorresíduos e saco verde da Tratolixo,Biorresíduos e saco verde da Tratolixo,https://www.tratolixo.pt/biorresiduos/,Waste operator or treatment-facility rule,Composting,Named downstream treatment route detected,Rejected,No named standard/approval stated,Reason not explicitly stated,Organic-waste system context only,Sources below national level
[132],Spain,Las Palmas de Gran Canaria,Spain - Las Palmas de Gran Canaria - El contenedor MARRÓN: residuos orgánicos,El contenedor MARRÓN: residuos orgánicos,https://www.laspalmasgc.es/es/areas-tematicas/limpieza-y-reciclaje/separacion-y-reciclaje/el-contenedor-marron-residuos-organicos/,Municipal sorting rule,Composting,Named downstream treatment route detected,Collection liners only,Generic compostable/biodegradable wording only,Reason not explicitly stated,Organic-waste system context only,Sources below national level
[133],Czechia,Brno-Chrlice,Czechia - Brno-Chrlice - Třídění odpadů,Třídění odpadů,https://www.mcchrlice.brno.cz/trideni-odpadu/ms-11715,Municipal sorting rule,Treatment route not stated,Collection/bin route stated only; downstream treatment technology not stated,Rejected,No named standard/approval stated,Reason not explicitly stated,Food-waste liners / collection bags,Sources below national level
[134],Denmark,Copenhagen,Denmark - Copenhagen - Sådan sorterer du madaffald,Sådan sorterer du madaffald,https://affald.kk.dk/affaldsfraktion/saadan-sorterer-du-madaffald,Municipal sorting rule,AD/biogas only,Named downstream treatment route detected,Collection liners only,No named standard/approval stated,Reason not explicitly stated,Food-waste liners / collection bags,Sources below national level
[135],Iceland,Reykjavík,Iceland - Reykjavík - Our bins,Our bins,https://reykjavik.is/en/sorphirda/tunnur,Waste operator or treatment-facility rule,Treatment route not stated,Collection/bin route stated only; downstream treatment technology not stated,Rejected,Generic compostable/biodegradable wording only,Compost/digestate quality or contamination concern,Tea/coffee preparation items; Food-soiled paper / fibre packaging; Flexible films/wraps/pouches; Generic compostable packaging / plastics,Sources below national level
[136],United States,"New York City, NY","United States - New York City, NY - Curbside Composting",Curbside Composting,https://www.nyc.gov/site/dsny/collection/residents/curbside-composting.page,Municipal sorting rule,Composting,Named downstream treatment route detected,Collection liners only,Generic compostable/biodegradable wording only,Reason not explicitly stated,Food-waste liners / collection bags; Food-service ware / takeaway packaging; Food-soiled paper / fibre packaging; Flexible films/wraps/pouches; Generic compostable packaging / plastics,Sources below national level
[137],United States,"Austin, Texas","United States - Austin, Texas - Rule Amendments: Drop Off & Curbside Services",Rule Amendments: Drop Off & Curbside Services,https://services.austintexas.gov/edims/document.cfm?id=470851,Municipal sorting rule,Composting,Named downstream treatment route detected,Collection liners only,BPI / ASTM / CMA,No compatible organic-treatment route,Food-waste liners / collection bags,Sources below national level
[138],United States,"King County, Washington","United States - King County, Washington - How to compost right",How to compost right,https://kingcounty.gov/en/dept/dnrp/waste-services/garbage-recycling-compost/services/food-yard-waste/how-to-compost,"State, provincial, regional, or canton rule",Composting,Named downstream treatment route detected,Collection liners only,Generic compostable/biodegradable wording only,Slow degradation / residence-time mismatch,Tea/coffee preparation items; Shopping/produce bags,Sources below national level
[139],United States,"Portland, Oregon","United States - Portland, Oregon - Compost – what goes in the bin",Compost – what goes in the bin,https://www.portland.gov/bps/garbage-recycling/compost,Municipal sorting rule,Composting,Named downstream treatment route detected,Rejected,BPI / ASTM / CMA,Compost/digestate quality or contamination concern,Food-waste liners / collection bags; Tea/coffee preparation items; Food-soiled paper / fibre packaging; Flexible films/wraps/pouches; Generic compostable packaging / plastics,Sources below national level
[140],United States,"La Mesa, California","United States - La Mesa, California - Organic Recycling - Residential",Organic Recycling - Residential,https://la-mesa-city.edcodisposal.com/residential-waste-services/curbside-pickup/organic-recycling/,"State, provincial, regional, or canton rule",AD/biogas only,Named downstream treatment route detected,No clear organics route,Government/programme approval,No compatible organic-treatment route,Food-waste liners / collection bags; Tea/coffee preparation items; Food-soiled paper / fibre packaging,Sources below national level
[141],United States,South San Francisco / San Mateo County service area,United States - South San Francisco / San Mateo County service area - Residential Organics,Residential Organics,https://ssfscavenger.com/residential-organics/,"State, provincial, regional, or canton rule",AD/biogas + composting,Named downstream treatment route detected,Rejected,Generic compostable/biodegradable wording only,AD/biogas incompatibility,Tea/coffee preparation items; Food-soiled paper / fibre packaging; Flexible films/wraps/pouches; Generic compostable packaging / plastics,Sources below national level
[142],United Kingdom,Greater Manchester,United Kingdom - Greater Manchester - The truth about compostable packaging,The truth about compostable packaging,https://recycleforgreatermanchester.com/blog/the-truth-about-compostable-packaging/,Intermunicipal or regional waste authority,Treatment route not stated,No collection-route or downstream-treatment cue detected,Rejected,EN 13432 / OK compost / Seedling,Compost/digestate quality or contamination concern,Food-service ware / takeaway packaging; Generic compostable packaging / plastics,Sources below national level
[143],Japan,"Minamata City, Kumamoto Prefecture","Japan - Minamata City, Kumamoto Prefecture - Food-waste recycling / kitchen-garbage recycling page",Food-waste recycling / kitchen-garbage recycling page,https://www.city.minamata.lg.jp/kankyo/kiji003458/index.html,"State, provincial, regional, or canton rule",Treatment route not stated,No collection-route or downstream-treatment cue detected,Collection liners only,Government/programme approval,Reason not explicitly stated,Food-waste liners / collection bags,Sources below national level
[144],Japan,"Zushi City, Kanagawa Prefecture","Japan - Zushi City, Kanagawa Prefecture - Zushi food-waste collection system-design PDF",Zushi food-waste collection system-design PDF,https://www.city.zushi.kanagawa.jp/_res/projects/default_project/_page_/001/002/133/namagomi_seidosekkei202302.pdf,"State, provincial, regional, or canton rule",Composting,Named downstream treatment route detected,Collection liners only,Government/programme approval,Reason not explicitly stated,Food-waste liners / collection bags,Sources below national level
[145],Chile,"Providencia, Santiago Metropolitan Region","Chile - Providencia, Santiago Metropolitan Region - Medioambiente - Reciclaje Orgánico",Medioambiente - Reciclaje Orgánico,https://providencia.cl/provi/vive/medioambiente/reciclaje-organico,Intermunicipal or regional waste authority,Treatment route not stated,No collection-route or downstream-treatment cue detected,Collection liners only,Generic compostable/biodegradable wording only,Reason not explicitly stated,Organic-waste system context only,Sources below national level
[146],Chile,Santa Juana / national Reciclo Orgánicos programme,Chile - Santa Juana / national Reciclo Orgánicos programme - Reciclo Orgánicos composting manual / Santa Juana programme,Reciclo Orgánicos composting manual / Santa Juana programme,https://reciclorganicos.mma.gob.cl/wp-content/uploads/2022/06/Anexo-Manual-de-Compostaje.pdf,National rule or policy,Composting,Named downstream treatment route detected,Rejected,Generic compostable/biodegradable wording only,Reason not explicitly stated,Organic-waste system context only,National/supranational sources
[147],Poland,Kraków,Poland - Kraków - MPO Kraków bio-waste page,MPO Kraków bio-waste page,https://mpo.krakow.pl/bio/,Waste operator or treatment-facility rule,Treatment route not stated,No collection-route or downstream-treatment cue detected,Rejected,No named standard/approval stated,Explicit no-packaging / positive-list restriction,Organic-waste system context only,Sources below national level
[148],Poland,Wrocław,Poland - Wrocław - Wrocław bio-waste sorting page,Wrocław bio-waste sorting page,https://www.wroclaw.pl/zielony-wroclaw/segregacja-gdzie-wyrzucac-bioodpady-resztki-z-kuchni-kompost-jak-zaoszczedzic-120-zl,Municipal sorting rule,AD/biogas only,Named downstream treatment route detected,Collection liners only,Generic compostable/biodegradable wording only,Reason not explicitly stated,Food-waste liners / collection bags,Sources below national level
[149],Hungary,National / MOHU system,Hungary - National / MOHU system - Konyhai zöld- és élelmiszer hulladék,MOHU | Konyhai zöld- és élelmiszer hulladék,https://mohu.hu/hu/biohulladek,Waste operator or treatment-facility rule,Treatment route not stated,No collection-route or downstream-treatment cue detected,Rejected,No named standard/approval stated,Reason not explicitly stated,Organic-waste system context only,Sources below national level
[150],Greece,National / municipalities,Greece - National / municipalities - Biowaste Guide for Municipalities,Biowaste Guide for Municipalities,https://www.giz.de/de/downloads/Biowaste%20Guide%20for%20municipalities%20EN.pdf,National rule or policy,Composting,Named downstream treatment route detected,No clear organics route,EN 13432 / OK compost / Seedling,No compatible organic-treatment route,Food-waste liners / collection bags; Generic compostable packaging / plastics,National/supranational sources
[151],South Korea,Seoul,South Korea - Seoul - added municipal/authority operational source,null 상세 |  | 씽글벙글 서울(서울 1인가구 포털),https://1in.seoul.go.kr/front/board/boardContentsView.do?board_id=9&contents_id=8db9ef985ddc4d589554c602a258f761,Municipal sorting rule,Composting,Named downstream treatment route detected,Rejected,Government/programme approval,Slow degradation / residence-time mismatch,Food-waste liners / collection bags,Sources below national level
[152],United Kingdom,Westminster,United Kingdom - Westminster - added municipal/authority operational source,Using the food waste service,https://www.westminster.gov.uk/food-waste-recycling-expansion/using-food-waste-service,Municipal sorting rule,AD/biogas only,Named downstream treatment route detected,Rejected,Generic compostable/biodegradable wording only,AD/biogas incompatibility,Food-waste liners / collection bags; Tea/coffee preparation items; Food-soiled paper / fibre packaging; Generic compostable packaging / plastics,Sources below national level
[153],United Kingdom,Leeds,United Kingdom - Leeds - added municipal/authority operational source,Main navigation,https://www.leeds.gov.uk/bins-and-recycling/your-bins/food-waste-bin,Municipal sorting rule,AD/biogas + composting,Named downstream treatment route detected,Collection liners only,EN 13432 / OK compost / Seedling,No compatible organic-treatment route,Food-waste liners / collection bags; Tea/coffee preparation items; Generic compostable packaging / plastics,Sources below national level
[154],Netherlands,The Hague,Netherlands - The Hague - added municipal/authority operational source,Separating waste: organic waste (GFT),https://www.denhaag.nl/en/waste-and-recycling/separating-waste-and-recycling/separating-waste-organic-waste-gft/,Municipal sorting rule,AD/biogas + composting,Named downstream treatment route detected,Rejected,Generic compostable/biodegradable wording only,Compost/digestate quality or contamination concern,Tea/coffee preparation items; Generic compostable packaging / plastics,Sources below national level
[155],Netherlands,Maastricht,Netherlands - Maastricht - added municipal/authority operational source,Hoofdnavigatie Engels,https://www.gemeentemaastricht.nl/en/vegetable-fruit-garden-and-food-waste,Municipal sorting rule,Composting,Named downstream treatment route detected,Collection liners only,EN 13432 / OK compost / Seedling,Compost/digestate quality or contamination concern,Food-waste liners / collection bags; Food-service ware / takeaway packaging; Generic compostable packaging / plastics,Sources below national level
[156],Italy,Hera,Italy - Hera - added municipal/authority operational source,Menù di navigazione,https://www.gruppohera.it/-/raccolta-differenziata-dell-organico-una-risorsa-senza-limiti-1,Municipal sorting rule,Treatment route not stated,No collection-route or downstream-treatment cue detected,Rejected,No named standard/approval stated,AD/biogas incompatibility,Organic-waste system context only,Sources below national level
[157],Greece,Chania-DEDISA,Greece - Chania-DEDISA - added municipal/authority operational source,Food waste separate collection - Chania Prefecture Biowaste,https://www.chania.gr/wp-content/uploads/2020/12/55/43694/8pages_16x16_dedisa_en_corrected.pdf,"State, provincial, regional, or canton rule",Treatment route not stated,Collection/bin route stated only; downstream treatment technology not stated,Collection liners only,EN 13432 / OK compost / Seedling,No compatible organic-treatment route,Food-waste liners / collection bags; Tea/coffee preparation items; Flexible films/wraps/pouches; Generic compostable packaging / plastics,Sources below national level
[158],Greece,Arta,Greece - Arta - added municipal/authority operational source,ΚΑΦΕ ΚΑΔΟΣ,https://kafekadoi.gr/ti-einai-o-kafe-kados/,Municipal sorting rule,Composting,Named downstream treatment route detected,Collection liners only,EN 13432 / OK compost / Seedling,Reason not explicitly stated,Organic-waste system context only,Sources below national level
[159],France,Bordeaux Métropole,France - Bordeaux Métropole - added municipal/authority operational source,Navigation principale,https://www.bordeaux-metropole.fr/a-votre-service/services-aux-particuliers/dechets/je-trie-je-valorise/dechets-alimentaires,Intermunicipal or regional waste authority,Composting,Named downstream treatment route detected,Collection liners only,Generic compostable/biodegradable wording only,Compost/digestate quality or contamination concern,Food-waste liners / collection bags,Sources below national level
[160],France,Aix-Marseille-Provence,France - Aix-Marseille-Provence - added municipal/authority operational source,J’utilise les bornes de déchets alimentaires,https://dechets.ampmetropole.fr/particuliers/je-nourris-mon-jardin-avec-le-compost/je-trie-mes-dechets-alimentaires-off/,Municipal sorting rule,Composting,Named downstream treatment route detected,Collection liners only,No named standard/approval stated,Compost/digestate quality or contamination concern,Organic-waste system context only,Sources below national level
[161],France,Grenoble Alpes Métropole,France - Grenoble Alpes Métropole - added municipal/authority operational source,Menu,https://www.grenoblealpesmetropole.fr/80-les-dechets-alimentaires.htm,Intermunicipal or regional waste authority,AD/biogas only,Named downstream treatment route detected,Collection liners only,Generic compostable/biodegradable wording only,Compost/digestate quality or contamination concern,Food-waste liners / collection bags; Tea/coffee preparation items,Sources below national level
[162],Norway,BIR Bergen,Norway - BIR Bergen - added municipal/authority operational source,Råd for riktig bruk av papirposen til matavfall,https://bir.no/bli-kvitt-boss/matavfall/poser-til-matavfall/,Municipal sorting rule,Treatment route not stated,Collection/bin route stated only; downstream treatment technology not stated,Rejected,No named standard/approval stated,Reason not explicitly stated,Food-waste liners / collection bags,Sources below national level
[163],Norway,MOVAR,Norway - MOVAR - added municipal/authority operational source,Bioposer,https://www.movar.no/bioposer-til-matavfall.html,Municipal sorting rule,Treatment route not stated,Collection/bin route stated only; downstream treatment technology not stated,Collection liners only,No named standard/approval stated,Reason not explicitly stated,Food-waste liners / collection bags,Sources below national level
[164],Norway,TRV Trondheim,Norway - TRV Trondheim - added municipal/authority operational source,Slik får du tak i bioposer til matavfall og plastsekker til plastemballasje,https://trv.no/bioposer-plastsekker/,Municipal sorting rule,Treatment route not stated,Collection/bin route stated only; downstream treatment technology not stated,Collection liners only,No named standard/approval stated,Reason not explicitly stated,Food-waste liners / collection bags,Sources below national level
[165],Spain,Dénia,Spain - Dénia - added municipal/authority operational source,Ayuntamiento de Dénia,https://denia.es/es/denia/actualitat/noticia.aspx?id=6498,Municipal sorting rule,Treatment route not stated,Collection/bin route stated only; downstream treatment technology not stated,Collection liners only,No named standard/approval stated,Reason not explicitly stated,Food-waste liners / collection bags,Sources below national level
[166],Spain,Zaragoza,Spain - Zaragoza - added municipal/authority operational source,El Ayuntamiento repartirá 7.600 rollos de bolsas compostables y 6.000 cubos domésticos para residuos orgánicos a través de los Puntos Limpios Móviles,https://www.zaragoza.es/sede/servicio/noticia/338669,Municipal sorting rule,Treatment route not stated,Collection/bin route stated only; downstream treatment technology not stated,Collection liners only,Generic compostable/biodegradable wording only,Reason not explicitly stated,Food-waste liners / collection bags,Sources below national level
[167],Spain,Girona,Spain - Girona - added municipal/authority operational source,Navegació,https://web.girona.cat/netejairesidus/residus/organic,Municipal sorting rule,Treatment route not stated,No collection-route or downstream-treatment cue detected,Collection liners only,No named standard/approval stated,Reason not explicitly stated,Organic-waste system context only,Sources below national level
[168],Sweden,Gothenburg,Sweden - Gothenburg - added municipal/authority operational source,Vanliga sökningar,https://goteborg.se/wps/portal?uri=gbglnk%3Agbg.page.86ec7f04-66b5-4ce7-9e46-5542060a756d2,Municipal sorting rule,AD/biogas + composting,Named downstream treatment route detected,Collection liners only,No named standard/approval stated,Slow degradation / residence-time mismatch,Food-waste liners / collection bags,Sources below national level
[169],Sweden,Uppsala,Sweden - Uppsala - added municipal/authority operational source,Drick inte det kommunala dricksvattnet i Vänge,https://www.uppsalavatten.se/hushall/avfall-och-atervinning/sorteringsguide/avfallstyper/matavfall,Municipal sorting rule,AD/biogas + composting,Named downstream treatment route detected,Rejected,No named standard/approval stated,Reason not explicitly stated,Organic-waste system context only,Sources below national level
[170],Iceland,Akureyri,Iceland - Akureyri - Municipal/operator organic-waste sorting guidance,Akureyri PDF source,https://gamli.akureyri.is/static/files/Umhverfismal-/aureyri-flokkunarleidbeiningar-en.pdf,Waste operator or treatment-facility rule,Composting,Named downstream treatment route detected,Rejected,Generic compostable/biodegradable wording only,Compost/digestate quality or contamination concern,Food-waste liners / collection bags; Tea/coffee preparation items,Sources below national level
[171],Slovakia,Košice,Slovakia - Košice - Municipal/operator organic-waste sorting guidance,Kuchynský biologický odpad,https://www.kosice.sk/obcan/kuchynsky-biologicky-odpad,Waste operator or treatment-facility rule,Treatment route not stated,Collection/bin route stated only; downstream treatment technology not stated,Rejected,No named standard/approval stated,Reason not explicitly stated,Organic-waste system context only,Sources below national level
[172],Slovakia,Trnava,Slovakia - Trnava - Municipal/operator organic-waste sorting guidance,Oficiálne stránky mesta Trnava,https://www.trnava.sk/zivotne-situacie/716/kompostovatelne-vrecka-na-rozlozitelny-kuchynsky-bioodpad,Waste operator or treatment-facility rule,Treatment route not stated,Collection/bin route stated only; downstream treatment technology not stated,Collection liners only,No named standard/approval stated,Reason not explicitly stated,Food-waste liners / collection bags,Sources below national level
[173],Denmark,Odense,Denmark - Odense - Municipal/operator organic-waste sorting guidance,Komposterbareposer,https://www.odenserenovation.dk/sorteringsguide/affaldstype/komposterbareposer/,Waste operator or treatment-facility rule,Treatment route not stated,Collection/bin route stated only; downstream treatment technology not stated,No explicit compostable-packaging rule,No named standard/approval stated,Not applicable - not a rejection/restriction case,Organic-waste system context only,Sources below national level
[174],Denmark,Aalborg,Denmark - Aalborg - Municipal/operator organic-waste sorting guidance,Food waste in Aalborg Municipality,https://nordvaerk.dk/borger/aalborg-kommune-borger/affaldssortering/madaffald-i-aalborg-kommune/,Municipal sorting rule,AD/biogas only,Named downstream treatment route detected,Rejected,Government/programme approval,AD/biogas incompatibility,Food-waste liners / collection bags; Tea/coffee preparation items,Sources below national level
[175],Czechia,Plzeň,Czechia - Plzeň - Municipal/operator organic-waste sorting guidance,Typy odpadů a nakládání s nimi,https://odpady.plzen.eu/mesto-a-odpady/typy-odpadu/trideni-odpadu/biologicky-rozlozitelny-odpad/,Waste operator or treatment-facility rule,Treatment route not stated,Collection/bin route stated only; downstream treatment technology not stated,Rejected,No named standard/approval stated,Reason not explicitly stated,Food-waste liners / collection bags,Sources below national level
[176],New Zealand,Christchurch,New Zealand - Christchurch - City Council green-bin organics guidance,Organics – green bin : Christchurch City Council,https://ccc.govt.nz/services/rubbish-and-recycling/greenbin,Municipal sorting rule,Composting,Named downstream treatment route detected,Rejected,Generic compostable/biodegradable wording only,Compost/digestate quality or contamination concern,Food-waste liners / collection bags; Tea/coffee preparation items; Generic compostable packaging / plastics,Sources below national level
[177],New Zealand,Auckland,New Zealand - Auckland - Council food-scraps / compostable liner guidance,The best of both worlds - compost and food scraps - OurAuckland,https://ourauckland.aucklandcouncil.govt.nz/news/2023/04/the-best-of-both-worlds-compost-and-food-scraps/,Municipal sorting rule,Composting,Named downstream treatment route detected,Dedicated/controlled route only,Generic compostable/biodegradable wording only,Compost/digestate quality or contamination concern,Food-waste liners / collection bags; Food-service ware / takeaway packaging,Sources below national level
[178],Belgium,Wallonia / Intradel,Belgium - Wallonia / Intradel - Organic-waste collection guidance,Intradel - Les déchets organiques,https://www.intradel.be/trier-ses-dechets/les-collectes-en-porte-a-porte-1/les-dechets-organiques.htm?lng=fr,"State, provincial, regional, or canton rule",AD/biogas + composting,Named downstream treatment route detected,Collection liners only,EN 13432 / OK compost / Seedling,Compost/digestate quality or contamination concern,Food-waste liners / collection bags; Tea/coffee preparation items,Sources below national level
[179],Belgium,Wallonia / Hygea,Belgium - Wallonia / Hygea - Organic-waste sorting guidance,Les déchets organiques | Hygea,https://www.hygea.be/prevention-dechets/tri-dechets/dechets-organiques,"State, provincial, regional, or canton rule",AD/biogas + composting,Named downstream treatment route detected,Rejected,Generic compostable/biodegradable wording only,Compost/digestate quality or contamination concern,Tea/coffee preparation items,Sources below national level
[180],Slovenia,Maribor,Slovenia - Maribor - Municipal waste-sorting guidance,Kako ločevati in odlagati odpadke? - Maribor.si,https://okolje.maribor.si/kakoloevatiinodlagatiodpadk,Municipal sorting rule,Treatment route not stated,No collection-route or downstream-treatment cue detected,Rejected,No named standard/approval stated,Explicit no-packaging / positive-list restriction,Food-waste liners / collection bags,Sources below national level
[181],Slovenia,Kranj / Komunala Kranj,Slovenia - Kranj / Komunala Kranj - Brown-bin biowaste guidance,Zaščita rjavega zabojnika in pravilno odlaganje bioloških odpadkov | Komunala Kranj,https://www.komunala-kranj.si/zascita-rjavega-zabojnika-in-pravilno-odlaganje-bioloskih-odpadkov,Waste operator or treatment-facility rule,Treatment route not stated,No collection-route or downstream-treatment cue detected,Collection liners only,Generic compostable/biodegradable wording only,Reason not explicitly stated,Food-waste liners / collection bags; Generic compostable packaging / plastics,Sources below national level
[182],Luxembourg,Minett Kompost,Luxembourg - Minett Kompost - Organic-waste bag / collection guidance,Organique sans plastique - c‘est esthétique,https://minett-kompost.lu/organique-sans-plastique-cest-esthetique/,Waste operator or treatment-facility rule,Composting,Named downstream treatment route detected,Collection liners only,Generic compostable/biodegradable wording only,Compost/digestate quality or contamination concern,Food-waste liners / collection bags,Sources below national level
[183],Costa Rica,Costa Rica / community or domestic composting context,Costa Rica - Costa Rica / community or domestic composting context - ComposterOs - community composting guidance / operator-style guidance,¿Es compostable? Qué agregar y qué no agregar a la compostera,https://composteros.go.cr/blog/-/blogs/-es-compostable-que-agregar-y-que-no-agregar-a-la-compostera,Waste operator or treatment-facility rule,Composting,Named downstream treatment route detected,No explicit compostable-packaging rule,Generic compostable/biodegradable wording only,Not applicable - not a rejection/restriction case,Generic compostable packaging / plastics,Sources below national level
[184],Czechia,Karlovy Vary,Czechia - Karlovy Vary - L?ze?sk? lesy a parky Karlovy Vary - local municipal-operator sorting guidance,Bioodpad,https://www.llpkv.cz/sluzby-pro-obcany/bioodpad,Municipal sorting rule,Treatment route not stated,Collection/bin route stated only; downstream treatment technology not stated,Rejected,No named standard/approval stated,Explicit no-packaging / positive-list restriction,Food-waste liners / collection bags,Sources below national level
