country,application_group,n_accepted,n_accepted_with_conditions,n_compatible,n_rejected,n_unclear,n_total_records,cell_text,status,status_value,cluster_value,country_order,cluster_label_raw
Australia,Food-waste liners / collection bags,3,2,5,1,0,6,5/1,Compatible-dominant,3,0.8333333333333334,9,2.0
Australia,Food-service ware / takeaway packaging,0,0,0,2,0,2,0/2,Rejected-dominant,2,0.0,9,2.0
Australia,Tea/coffee preparation items,0,0,0,3,0,3,0/3,Rejected-dominant,2,0.0,9,2.0
Australia,Food-soiled paper / fibre packaging,0,0,0,1,0,1,0/1,Rejected-dominant,2,0.0,9,2.0
Australia,Shopping/produce bags,0,0,0,0,0,0,—,No application-level record,0,,9,2.0
Australia,Flexible films/wraps/pouches,0,0,0,2,0,2,0/2,Rejected-dominant,2,0.0,9,2.0
Australia,Generic compostable packaging / plastics,0,0,0,4,0,4,0/4,Rejected-dominant,2,0.0,9,2.0
Austria,Food-waste liners / collection bags,0,0,0,0,0,0,—,No application-level record,0,,30,
Austria,Food-service ware / takeaway packaging,0,0,0,0,0,0,—,No application-level record,0,,30,
Austria,Tea/coffee preparation items,0,0,0,0,0,0,—,No application-level record,0,,30,
Austria,Food-soiled paper / fibre packaging,0,0,0,0,0,0,—,No application-level record,0,,30,
Austria,Shopping/produce bags,0,0,0,0,0,0,—,No application-level record,0,,30,
Austria,Flexible films/wraps/pouches,0,0,0,0,0,0,—,No application-level record,0,,30,
Austria,Generic compostable packaging / plastics,0,0,0,0,0,0,—,No application-level record,0,,30,
Belgium,Food-waste liners / collection bags,2,0,2,0,0,2,2/0,Compatible-dominant,3,1.0,7,2.0
Belgium,Food-service ware / takeaway packaging,0,0,0,2,0,2,0/2,Rejected-dominant,2,0.0,7,2.0
Belgium,Tea/coffee preparation items,0,0,0,2,0,2,0/2,Rejected-dominant,2,0.0,7,2.0
Belgium,Food-soiled paper / fibre packaging,0,0,0,1,0,1,0/1,Rejected-dominant,2,0.0,7,2.0
Belgium,Shopping/produce bags,0,0,0,0,0,0,—,No application-level record,0,,7,2.0
Belgium,Flexible films/wraps/pouches,0,0,0,0,0,0,—,No application-level record,0,,7,2.0
Belgium,Generic compostable packaging / plastics,0,0,0,3,0,3,0/3,Rejected-dominant,2,0.0,7,2.0
Canada,Food-waste liners / collection bags,6,2,8,0,0,8,8/0,Compatible-dominant,3,1.0,11,2.0
Canada,Food-service ware / takeaway packaging,0,0,0,3,0,3,0/3,Rejected-dominant,2,0.0,11,2.0
Canada,Tea/coffee preparation items,2,0,2,5,0,7,2/5,Rejected-dominant,2,0.2857142857142857,11,2.0
Canada,Food-soiled paper / fibre packaging,1,0,1,6,0,7,1/6,Rejected-dominant,2,0.14285714285714285,11,2.0
Canada,Shopping/produce bags,0,0,0,1,0,1,0/1,Rejected-dominant,2,0.0,11,2.0
Canada,Flexible films/wraps/pouches,0,0,0,4,0,4,0/4,Rejected-dominant,2,0.0,11,2.0
Canada,Generic compostable packaging / plastics,2,0,2,10,0,12,2/10,Rejected-dominant,2,0.16666666666666666,11,2.0
Chile,Food-waste liners / collection bags,1,0,1,0,0,1,1/0,Compatible-dominant,3,1.0,15,2.0
Chile,Food-service ware / takeaway packaging,0,0,0,0,0,0,—,No application-level record,0,,15,2.0
Chile,Tea/coffee preparation items,0,0,0,0,0,0,—,No application-level record,0,,15,2.0
Chile,Food-soiled paper / fibre packaging,0,0,0,0,0,0,—,No application-level record,0,,15,2.0
Chile,Shopping/produce bags,0,0,0,0,0,0,—,No application-level record,0,,15,2.0
Chile,Flexible films/wraps/pouches,0,0,0,0,0,0,—,No application-level record,0,,15,2.0
Chile,Generic compostable packaging / plastics,0,0,0,0,0,0,—,No application-level record,0,,15,2.0
Costa Rica,Food-waste liners / collection bags,0,0,0,0,0,0,—,No application-level record,0,,31,
Costa Rica,Food-service ware / takeaway packaging,0,0,0,0,0,0,—,No application-level record,0,,31,
Costa Rica,Tea/coffee preparation items,0,0,0,0,0,0,—,No application-level record,0,,31,
Costa Rica,Food-soiled paper / fibre packaging,0,0,0,0,0,0,—,No application-level record,0,,31,
Costa Rica,Shopping/produce bags,0,0,0,0,0,0,—,No application-level record,0,,31,
Costa Rica,Flexible films/wraps/pouches,0,0,0,0,0,0,—,No application-level record,0,,31,
Costa Rica,Generic compostable packaging / plastics,0,0,0,0,1,1,u,Unclear only,1,,31,
Czechia,Food-waste liners / collection bags,0,0,0,3,0,3,0/3,Rejected-dominant,2,0.0,2,1.0
Czechia,Food-service ware / takeaway packaging,0,0,0,0,0,0,—,No application-level record,0,,2,1.0
Czechia,Tea/coffee preparation items,0,0,0,0,0,0,—,No application-level record,0,,2,1.0
Czechia,Food-soiled paper / fibre packaging,0,0,0,0,0,0,—,No application-level record,0,,2,1.0
Czechia,Shopping/produce bags,0,0,0,0,0,0,—,No application-level record,0,,2,1.0
Czechia,Flexible films/wraps/pouches,0,0,0,0,0,0,—,No application-level record,0,,2,1.0
Czechia,Generic compostable packaging / plastics,0,0,0,0,0,0,—,No application-level record,0,,2,1.0
Denmark,Food-waste liners / collection bags,1,1,2,1,0,3,2/1,Compatible-dominant,3,0.6666666666666666,22,3.0
Denmark,Food-service ware / takeaway packaging,0,0,0,0,0,0,—,No application-level record,0,,22,3.0
Denmark,Tea/coffee preparation items,0,0,0,1,0,1,0/1,Rejected-dominant,2,0.0,22,3.0
Denmark,Food-soiled paper / fibre packaging,0,0,0,0,0,0,—,No application-level record,0,,22,3.0
Denmark,Shopping/produce bags,0,0,0,0,0,0,—,No application-level record,0,,22,3.0
Denmark,Flexible films/wraps/pouches,0,0,0,0,0,0,—,No application-level record,0,,22,3.0
Denmark,Generic compostable packaging / plastics,0,0,0,0,0,0,—,No application-level record,0,,22,3.0
Estonia,Food-waste liners / collection bags,0,0,0,0,0,0,—,No application-level record,0,,32,
Estonia,Food-service ware / takeaway packaging,0,0,0,0,0,0,—,No application-level record,0,,32,
Estonia,Tea/coffee preparation items,0,0,0,0,0,0,—,No application-level record,0,,32,
Estonia,Food-soiled paper / fibre packaging,0,0,0,0,0,0,—,No application-level record,0,,32,
Estonia,Shopping/produce bags,0,0,0,0,0,0,—,No application-level record,0,,32,
Estonia,Flexible films/wraps/pouches,0,0,0,0,0,0,—,No application-level record,0,,32,
Estonia,Generic compostable packaging / plastics,0,0,0,0,0,0,—,No application-level record,0,,32,
Finland,Food-waste liners / collection bags,2,0,2,0,0,2,2/0,Compatible-dominant,3,1.0,8,2.0
Finland,Food-service ware / takeaway packaging,0,0,0,2,0,2,0/2,Rejected-dominant,2,0.0,8,2.0
Finland,Tea/coffee preparation items,0,0,0,1,0,1,0/1,Rejected-dominant,2,0.0,8,2.0
Finland,Food-soiled paper / fibre packaging,0,0,0,2,0,2,0/2,Rejected-dominant,2,0.0,8,2.0
Finland,Shopping/produce bags,0,0,0,0,0,0,—,No application-level record,0,,8,2.0
Finland,Flexible films/wraps/pouches,0,0,0,0,0,0,—,No application-level record,0,,8,2.0
Finland,Generic compostable packaging / plastics,0,0,0,3,0,3,0/3,Rejected-dominant,2,0.0,8,2.0
France,Food-waste liners / collection bags,1,3,4,0,0,4,4/0,Compatible-dominant,3,1.0,6,2.0
France,Food-service ware / takeaway packaging,0,0,0,2,0,2,0/2,Rejected-dominant,2,0.0,6,2.0
France,Tea/coffee preparation items,0,0,0,4,0,4,0/4,Rejected-dominant,2,0.0,6,2.0
France,Food-soiled paper / fibre packaging,0,0,0,1,0,1,0/1,Rejected-dominant,2,0.0,6,2.0
France,Shopping/produce bags,0,0,0,0,0,0,—,No application-level record,0,,6,2.0
France,Flexible films/wraps/pouches,0,0,0,0,0,0,—,No application-level record,0,,6,2.0
France,Generic compostable packaging / plastics,0,0,0,2,0,2,0/2,Rejected-dominant,2,0.0,6,2.0
Germany,Food-waste liners / collection bags,0,0,0,2,0,2,0/2,Rejected-dominant,2,0.0,4,1.0
Germany,Food-service ware / takeaway packaging,0,0,0,0,0,0,—,No application-level record,0,,4,1.0
Germany,Tea/coffee preparation items,0,0,0,1,0,1,0/1,Rejected-dominant,2,0.0,4,1.0
Germany,Food-soiled paper / fibre packaging,0,0,0,0,0,0,—,No application-level record,0,,4,1.0
Germany,Shopping/produce bags,0,0,0,0,0,0,—,No application-level record,0,,4,1.0
Germany,Flexible films/wraps/pouches,0,0,0,0,0,0,—,No application-level record,0,,4,1.0
Germany,Generic compostable packaging / plastics,0,0,0,3,0,3,0/3,Rejected-dominant,2,0.0,4,1.0
Greece,Food-waste liners / collection bags,1,0,1,1,0,2,1/1,Balanced conflict,4,0.5,27,3.0
Greece,Food-service ware / takeaway packaging,0,0,0,0,0,0,—,No application-level record,0,,27,3.0
Greece,Tea/coffee preparation items,0,0,0,1,0,1,0/1,Rejected-dominant,2,0.0,27,3.0
Greece,Food-soiled paper / fibre packaging,0,0,0,0,0,0,—,No application-level record,0,,27,3.0
Greece,Shopping/produce bags,0,0,0,0,0,0,—,No application-level record,0,,27,3.0
Greece,Flexible films/wraps/pouches,0,0,0,1,0,1,0/1,Rejected-dominant,2,0.0,27,3.0
Greece,Generic compostable packaging / plastics,0,0,0,2,0,2,0/2,Rejected-dominant,2,0.0,27,3.0
Hungary,Food-waste liners / collection bags,0,0,0,0,0,0,—,No application-level record,0,,33,
Hungary,Food-service ware / takeaway packaging,0,0,0,0,0,0,—,No application-level record,0,,33,
Hungary,Tea/coffee preparation items,0,0,0,0,0,0,—,No application-level record,0,,33,
Hungary,Food-soiled paper / fibre packaging,0,0,0,0,0,0,—,No application-level record,0,,33,
Hungary,Shopping/produce bags,0,0,0,0,0,0,—,No application-level record,0,,33,
Hungary,Flexible films/wraps/pouches,0,0,0,0,0,0,—,No application-level record,0,,33,
Hungary,Generic compostable packaging / plastics,0,0,0,0,0,0,—,No application-level record,0,,33,
Iceland,Food-waste liners / collection bags,0,0,0,1,0,1,0/1,Rejected-dominant,2,0.0,5,1.0
Iceland,Food-service ware / takeaway packaging,0,0,0,0,0,0,—,No application-level record,0,,5,1.0
Iceland,Tea/coffee preparation items,0,0,0,2,0,2,0/2,Rejected-dominant,2,0.0,5,1.0
Iceland,Food-soiled paper / fibre packaging,0,0,0,1,0,1,0/1,Rejected-dominant,2,0.0,5,1.0
Iceland,Shopping/produce bags,0,0,0,0,0,0,—,No application-level record,0,,5,1.0
Iceland,Flexible films/wraps/pouches,0,0,0,1,0,1,0/1,Rejected-dominant,2,0.0,5,1.0
Iceland,Generic compostable packaging / plastics,0,0,0,1,0,1,0/1,Rejected-dominant,2,0.0,5,1.0
Ireland,Food-waste liners / collection bags,1,0,1,1,0,2,1/1,Balanced conflict,4,0.5,1,4.0
Ireland,Food-service ware / takeaway packaging,1,0,1,0,0,1,1/0,Compatible-dominant,3,1.0,1,4.0
Ireland,Tea/coffee preparation items,1,0,1,0,0,1,1/0,Compatible-dominant,3,1.0,1,4.0
Ireland,Food-soiled paper / fibre packaging,1,0,1,0,0,1,1/0,Compatible-dominant,3,1.0,1,4.0
Ireland,Shopping/produce bags,0,0,0,0,0,0,—,No application-level record,0,,1,4.0
Ireland,Flexible films/wraps/pouches,0,0,0,0,0,0,—,No application-level record,0,,1,4.0
Ireland,Generic compostable packaging / plastics,2,0,2,1,0,3,2/1,Compatible-dominant,3,0.6666666666666666,1,4.0
Israel,Food-waste liners / collection bags,0,0,0,0,0,0,—,No application-level record,0,,34,
Israel,Food-service ware / takeaway packaging,0,0,0,0,0,0,—,No application-level record,0,,34,
Israel,Tea/coffee preparation items,0,0,0,0,0,0,—,No application-level record,0,,34,
Israel,Food-soiled paper / fibre packaging,0,0,0,0,0,0,—,No application-level record,0,,34,
Israel,Shopping/produce bags,0,0,0,0,0,0,—,No application-level record,0,,34,
Israel,Flexible films/wraps/pouches,0,0,0,0,0,0,—,No application-level record,0,,34,
Israel,Generic compostable packaging / plastics,0,0,0,0,0,0,—,No application-level record,0,,34,
Italy,Food-waste liners / collection bags,1,0,1,1,0,2,1/1,Balanced conflict,4,0.5,19,3.0
Italy,Food-service ware / takeaway packaging,2,0,2,4,0,6,2/4,Rejected-dominant,2,0.3333333333333333,19,3.0
Italy,Tea/coffee preparation items,0,0,0,0,0,0,—,No application-level record,0,,19,3.0
Italy,Food-soiled paper / fibre packaging,0,0,0,0,0,0,—,No application-level record,0,,19,3.0
Italy,Shopping/produce bags,2,0,2,1,1,4,2/1,Compatible-dominant,3,0.6666666666666666,19,3.0
Italy,Flexible films/wraps/pouches,0,0,0,3,0,3,0/3,Rejected-dominant,2,0.0,19,3.0
Italy,Generic compostable packaging / plastics,2,0,2,4,1,7,2/4,Rejected-dominant,2,0.3333333333333333,19,3.0
Japan,Food-waste liners / collection bags,0,4,4,2,1,7,4/2,Compatible-dominant,3,0.6666666666666666,24,3.0
Japan,Food-service ware / takeaway packaging,0,0,0,0,0,0,—,No application-level record,0,,24,3.0
Japan,Tea/coffee preparation items,0,0,0,0,0,0,—,No application-level record,0,,24,3.0
Japan,Food-soiled paper / fibre packaging,0,0,0,0,0,0,—,No application-level record,0,,24,3.0
Japan,Shopping/produce bags,0,0,0,0,0,0,—,No application-level record,0,,24,3.0
Japan,Flexible films/wraps/pouches,0,0,0,0,0,0,—,No application-level record,0,,24,3.0
Japan,Generic compostable packaging / plastics,0,0,0,0,0,0,—,No application-level record,0,,24,3.0
Latvia,Food-waste liners / collection bags,0,0,0,0,0,0,—,No application-level record,0,,35,
Latvia,Food-service ware / takeaway packaging,0,0,0,0,0,0,—,No application-level record,0,,35,
Latvia,Tea/coffee preparation items,0,0,0,0,0,0,—,No application-level record,0,,35,
Latvia,Food-soiled paper / fibre packaging,0,0,0,0,0,0,—,No application-level record,0,,35,
Latvia,Shopping/produce bags,0,0,0,0,0,0,—,No application-level record,0,,35,
Latvia,Flexible films/wraps/pouches,0,0,0,0,0,0,—,No application-level record,0,,35,
Latvia,Generic compostable packaging / plastics,0,0,0,0,0,0,—,No application-level record,0,,35,
Lithuania,Food-waste liners / collection bags,0,0,0,0,0,0,—,No application-level record,0,,36,
Lithuania,Food-service ware / takeaway packaging,0,0,0,0,0,0,—,No application-level record,0,,36,
Lithuania,Tea/coffee preparation items,0,0,0,0,0,0,—,No application-level record,0,,36,
Lithuania,Food-soiled paper / fibre packaging,0,0,0,0,0,0,—,No application-level record,0,,36,
Lithuania,Shopping/produce bags,0,0,0,0,0,0,—,No application-level record,0,,36,
Lithuania,Flexible films/wraps/pouches,0,0,0,0,0,0,—,No application-level record,0,,36,
Lithuania,Generic compostable packaging / plastics,0,0,0,0,0,0,—,No application-level record,0,,36,
Luxembourg,Food-waste liners / collection bags,1,0,1,0,0,1,1/0,Compatible-dominant,3,1.0,12,2.0
Luxembourg,Food-service ware / takeaway packaging,0,0,0,0,0,0,—,No application-level record,0,,12,2.0
Luxembourg,Tea/coffee preparation items,0,0,0,2,0,2,0/2,Rejected-dominant,2,0.0,12,2.0
Luxembourg,Food-soiled paper / fibre packaging,0,0,0,0,0,0,—,No application-level record,0,,12,2.0
Luxembourg,Shopping/produce bags,0,0,0,0,0,0,—,No application-level record,0,,12,2.0
Luxembourg,Flexible films/wraps/pouches,0,0,0,0,0,0,—,No application-level record,0,,12,2.0
Luxembourg,Generic compostable packaging / plastics,0,0,0,1,0,1,0/1,Rejected-dominant,2,0.0,12,2.0
Mexico,Food-waste liners / collection bags,1,0,1,0,0,1,1/0,Compatible-dominant,3,1.0,14,2.0
Mexico,Food-service ware / takeaway packaging,0,0,0,0,0,0,—,No application-level record,0,,14,2.0
Mexico,Tea/coffee preparation items,0,0,0,0,0,0,—,No application-level record,0,,14,2.0
Mexico,Food-soiled paper / fibre packaging,0,0,0,0,0,0,—,No application-level record,0,,14,2.0
Mexico,Shopping/produce bags,0,0,0,0,0,0,—,No application-level record,0,,14,2.0
Mexico,Flexible films/wraps/pouches,0,0,0,1,0,1,0/1,Rejected-dominant,2,0.0,14,2.0
Mexico,Generic compostable packaging / plastics,0,0,0,0,0,0,—,No application-level record,0,,14,2.0
Netherlands,Food-waste liners / collection bags,2,1,3,3,0,6,3/3,Balanced conflict,4,0.5,26,3.0
Netherlands,Food-service ware / takeaway packaging,0,0,0,4,0,4,0/4,Rejected-dominant,2,0.0,26,3.0
Netherlands,Tea/coffee preparation items,0,0,0,7,0,7,0/7,Rejected-dominant,2,0.0,26,3.0
Netherlands,Food-soiled paper / fibre packaging,0,0,0,2,0,2,0/2,Rejected-dominant,2,0.0,26,3.0
Netherlands,Shopping/produce bags,0,0,0,0,0,0,—,No application-level record,0,,26,3.0
Netherlands,Flexible films/wraps/pouches,0,0,0,1,0,1,0/1,Rejected-dominant,2,0.0,26,3.0
Netherlands,Generic compostable packaging / plastics,0,0,0,7,0,7,0/7,Rejected-dominant,2,0.0,26,3.0
New Zealand,Food-waste liners / collection bags,0,1,1,1,0,2,1/1,Balanced conflict,4,0.5,17,3.0
New Zealand,Food-service ware / takeaway packaging,0,1,1,0,0,1,1/0,Compatible-dominant,3,1.0,17,3.0
New Zealand,Tea/coffee preparation items,0,0,0,1,0,1,0/1,Rejected-dominant,2,0.0,17,3.0
New Zealand,Food-soiled paper / fibre packaging,0,0,0,0,0,0,—,No application-level record,0,,17,3.0
New Zealand,Shopping/produce bags,0,0,0,0,0,0,—,No application-level record,0,,17,3.0
New Zealand,Flexible films/wraps/pouches,0,0,0,0,0,0,—,No application-level record,0,,17,3.0
New Zealand,Generic compostable packaging / plastics,0,0,0,3,0,3,0/3,Rejected-dominant,2,0.0,17,3.0
Norway,Food-waste liners / collection bags,2,1,3,1,0,4,3/1,Compatible-dominant,3,0.75,20,3.0
Norway,Food-service ware / takeaway packaging,0,0,0,0,0,0,—,No application-level record,0,,20,3.0
Norway,Tea/coffee preparation items,0,0,0,0,0,0,—,No application-level record,0,,20,3.0
Norway,Food-soiled paper / fibre packaging,0,0,0,0,0,0,—,No application-level record,0,,20,3.0
Norway,Shopping/produce bags,0,0,0,0,0,0,—,No application-level record,0,,20,3.0
Norway,Flexible films/wraps/pouches,0,0,0,0,0,0,—,No application-level record,0,,20,3.0
Norway,Generic compostable packaging / plastics,0,0,0,0,0,0,—,No application-level record,0,,20,3.0
Poland,Food-waste liners / collection bags,1,0,1,1,0,2,1/1,Balanced conflict,4,0.5,28,3.0
Poland,Food-service ware / takeaway packaging,0,0,0,0,0,0,—,No application-level record,0,,28,3.0
Poland,Tea/coffee preparation items,0,0,0,0,0,0,—,No application-level record,0,,28,3.0
Poland,Food-soiled paper / fibre packaging,0,0,0,0,0,0,—,No application-level record,0,,28,3.0
Poland,Shopping/produce bags,0,0,0,0,0,0,—,No application-level record,0,,28,3.0
Poland,Flexible films/wraps/pouches,0,0,0,0,0,0,—,No application-level record,0,,28,3.0
Poland,Generic compostable packaging / plastics,0,0,0,2,0,2,0/2,Rejected-dominant,2,0.0,28,3.0
Portugal,Food-waste liners / collection bags,2,0,2,0,0,2,2/0,Compatible-dominant,3,1.0,16,2.0
Portugal,Food-service ware / takeaway packaging,0,0,0,0,0,0,—,No application-level record,0,,16,2.0
Portugal,Tea/coffee preparation items,0,0,0,0,0,0,—,No application-level record,0,,16,2.0
Portugal,Food-soiled paper / fibre packaging,0,0,0,0,0,0,—,No application-level record,0,,16,2.0
Portugal,Shopping/produce bags,0,0,0,0,0,0,—,No application-level record,0,,16,2.0
Portugal,Flexible films/wraps/pouches,0,0,0,0,0,0,—,No application-level record,0,,16,2.0
Portugal,Generic compostable packaging / plastics,0,0,0,0,0,0,—,No application-level record,0,,16,2.0
Slovakia,Food-waste liners / collection bags,0,1,1,1,0,2,1/1,Balanced conflict,4,0.5,29,3.0
Slovakia,Food-service ware / takeaway packaging,0,0,0,0,0,0,—,No application-level record,0,,29,3.0
Slovakia,Tea/coffee preparation items,0,0,0,0,0,0,—,No application-level record,0,,29,3.0
Slovakia,Food-soiled paper / fibre packaging,0,0,0,0,0,0,—,No application-level record,0,,29,3.0
Slovakia,Shopping/produce bags,0,0,0,0,0,0,—,No application-level record,0,,29,3.0
Slovakia,Flexible films/wraps/pouches,0,0,0,0,0,0,—,No application-level record,0,,29,3.0
Slovakia,Generic compostable packaging / plastics,0,0,0,0,0,0,—,No application-level record,0,,29,3.0
Slovenia,Food-waste liners / collection bags,2,0,2,1,0,3,2/1,Compatible-dominant,3,0.6666666666666666,23,3.0
Slovenia,Food-service ware / takeaway packaging,0,0,0,0,0,0,—,No application-level record,0,,23,3.0
Slovenia,Tea/coffee preparation items,0,0,0,0,0,0,—,No application-level record,0,,23,3.0
Slovenia,Food-soiled paper / fibre packaging,0,0,0,0,0,0,—,No application-level record,0,,23,3.0
Slovenia,Shopping/produce bags,0,0,0,0,0,0,—,No application-level record,0,,23,3.0
Slovenia,Flexible films/wraps/pouches,0,0,0,0,0,0,—,No application-level record,0,,23,3.0
Slovenia,Generic compostable packaging / plastics,0,0,0,1,0,1,0/1,Rejected-dominant,2,0.0,23,3.0
South Korea,Food-waste liners / collection bags,0,0,0,2,0,2,0/2,Rejected-dominant,2,0.0,3,1.0
South Korea,Food-service ware / takeaway packaging,0,0,0,0,0,0,—,No application-level record,0,,3,1.0
South Korea,Tea/coffee preparation items,0,0,0,0,0,0,—,No application-level record,0,,3,1.0
South Korea,Food-soiled paper / fibre packaging,0,0,0,0,0,0,—,No application-level record,0,,3,1.0
South Korea,Shopping/produce bags,0,0,0,0,0,0,—,No application-level record,0,,3,1.0
South Korea,Flexible films/wraps/pouches,0,0,0,0,0,0,—,No application-level record,0,,3,1.0
South Korea,Generic compostable packaging / plastics,0,0,0,0,0,0,—,No application-level record,0,,3,1.0
Spain,Food-waste liners / collection bags,3,0,3,1,0,4,3/1,Compatible-dominant,3,0.75,21,3.0
Spain,Food-service ware / takeaway packaging,0,0,0,0,0,0,—,No application-level record,0,,21,3.0
Spain,Tea/coffee preparation items,0,0,0,0,0,0,—,No application-level record,0,,21,3.0
Spain,Food-soiled paper / fibre packaging,0,0,0,0,0,0,—,No application-level record,0,,21,3.0
Spain,Shopping/produce bags,0,0,0,0,0,0,—,No application-level record,0,,21,3.0
Spain,Flexible films/wraps/pouches,0,0,0,0,0,0,—,No application-level record,0,,21,3.0
Spain,Generic compostable packaging / plastics,0,0,0,1,0,1,0/1,Rejected-dominant,2,0.0,21,3.0
Sweden,Food-waste liners / collection bags,1,1,2,1,0,3,2/1,Compatible-dominant,3,0.6666666666666666,25,3.0
Sweden,Food-service ware / takeaway packaging,0,0,0,0,0,0,—,No application-level record,0,,25,3.0
Sweden,Tea/coffee preparation items,0,0,0,0,0,0,—,No application-level record,0,,25,3.0
Sweden,Food-soiled paper / fibre packaging,0,0,0,0,0,0,—,No application-level record,0,,25,3.0
Sweden,Shopping/produce bags,0,0,0,0,0,0,—,No application-level record,0,,25,3.0
Sweden,Flexible films/wraps/pouches,0,0,0,0,0,0,—,No application-level record,0,,25,3.0
Sweden,Generic compostable packaging / plastics,0,0,0,0,0,0,—,No application-level record,0,,25,3.0
Switzerland,Food-waste liners / collection bags,0,1,1,0,0,1,1/0,Compatible-dominant,3,1.0,13,2.0
Switzerland,Food-service ware / takeaway packaging,0,0,0,0,0,0,—,No application-level record,0,,13,2.0
Switzerland,Tea/coffee preparation items,0,0,0,0,0,0,—,No application-level record,0,,13,2.0
Switzerland,Food-soiled paper / fibre packaging,0,0,0,0,0,0,—,No application-level record,0,,13,2.0
Switzerland,Shopping/produce bags,0,0,0,0,0,0,—,No application-level record,0,,13,2.0
Switzerland,Flexible films/wraps/pouches,0,0,0,0,0,0,—,No application-level record,0,,13,2.0
Switzerland,Generic compostable packaging / plastics,0,0,0,1,0,1,0/1,Rejected-dominant,2,0.0,13,2.0
United Kingdom,Food-waste liners / collection bags,5,2,7,2,0,9,7/2,Compatible-dominant,3,0.7777777777777778,10,2.0
United Kingdom,Food-service ware / takeaway packaging,0,0,0,2,0,2,0/2,Rejected-dominant,2,0.0,10,2.0
United Kingdom,Tea/coffee preparation items,0,0,0,7,0,7,0/7,Rejected-dominant,2,0.0,10,2.0
United Kingdom,Food-soiled paper / fibre packaging,0,0,0,1,0,1,0/1,Rejected-dominant,2,0.0,10,2.0
United Kingdom,Shopping/produce bags,0,0,0,0,0,0,—,No application-level record,0,,10,2.0
United Kingdom,Flexible films/wraps/pouches,0,0,0,1,0,1,0/1,Rejected-dominant,2,0.0,10,2.0
United Kingdom,Generic compostable packaging / plastics,0,0,0,8,0,8,0/8,Rejected-dominant,2,0.0,10,2.0
United States,Food-waste liners / collection bags,4,1,5,2,0,7,5/2,Compatible-dominant,3,0.7142857142857143,18,3.0
United States,Food-service ware / takeaway packaging,1,0,1,3,0,4,1/3,Rejected-dominant,2,0.25,18,3.0
United States,Tea/coffee preparation items,2,0,2,6,0,8,2/6,Rejected-dominant,2,0.25,18,3.0
United States,Food-soiled paper / fibre packaging,1,0,1,6,0,7,1/6,Rejected-dominant,2,0.14285714285714285,18,3.0
United States,Shopping/produce bags,0,0,0,1,0,1,0/1,Rejected-dominant,2,0.0,18,3.0
United States,Flexible films/wraps/pouches,3,0,3,3,0,6,3/3,Balanced conflict,4,0.5,18,3.0
United States,Generic compostable packaging / plastics,2,0,2,7,0,9,2/7,Rejected-dominant,2,0.2222222222222222,18,3.0
